-- phpMyAdmin SQL Dump
-- version 5.2.1
-- https://www.phpmyadmin.net/
--
-- Host: 127.0.0.1
-- Generation Time: Apr 06, 2025 at 08:00 AM
-- Server version: 10.4.32-MariaDB
-- PHP Version: 8.1.25

SET SQL_MODE = "NO_AUTO_VALUE_ON_ZERO";
START TRANSACTION;
SET time_zone = "+00:00";


/*!40101 SET @OLD_CHARACTER_SET_CLIENT=@@CHARACTER_SET_CLIENT */;
/*!40101 SET @OLD_CHARACTER_SET_RESULTS=@@CHARACTER_SET_RESULTS */;
/*!40101 SET @OLD_COLLATION_CONNECTION=@@COLLATION_CONNECTION */;
/*!40101 SET NAMES utf8mb4 */;

--
-- Database: `new_survey`
--

-- --------------------------------------------------------

--
-- Table structure for table `questions`
--

CREATE TABLE `questions` (
  `question_id` int(11) NOT NULL,
  `question_text` varchar(500) NOT NULL,
  `variable_code` varchar(10) DEFAULT NULL,
  `example` varchar(1000) DEFAULT NULL,
  `category` enum('analog','hardware','software','human') NOT NULL
) ENGINE=InnoDB DEFAULT CHARSET=utf8mb4 COLLATE=utf8mb4_general_ci;

--
-- Dumping data for table `questions`
--

INSERT INTO `questions` (`question_id`, `question_text`, `variable_code`, `example`, `category`) VALUES
(1, 'How often did you plan to have communication with this project member based on the project requirements?', 'A', NULL, 'human'),
(2, 'How often do you actually communicate with this project member?', 'B', NULL, 'human'),
(3, 'How easy did you expect it would be to be able to access this project member based on the need?', 'C', NULL, 'human'),
(4, 'How easy has it actually been to access this project member when needed?', 'D', NULL, 'human'),
(5, 'As per the project plan, how well-defined were the roles and responsibilities of this project member?', 'E', NULL, 'human'),
(6, 'How well is this project member performing in the roles and responsibilities defined for them?', 'F', NULL, 'human'),
(7, 'To what extent the information exchanged with the project member has to be error-free/trustable?', 'G', NULL, 'human'),
(8, 'How much do you actually trust the information exchanged by the project member?', 'H', NULL, 'human'),
(9, 'To what extent did you expect or you were expected to enhance this project member\'s capabilities by training or sharing knowledge?', 'I', NULL, 'human'),
(10, 'To what extent do you actually share relevant information or knowledge with the project member to enhance their primary expertise?', 'J', NULL, 'human'),
(11, 'Is there any planned activity in the project to inform you about this person\'s new duties, job changes, job status and responsibilities?', 'K', NULL, 'human'),
(12, 'How updated are you about the changes and status of project member\'s tasks, responsibilities and current level of skills?', 'L', NULL, 'human'),
(13, 'Is there any plan to assist project members to know how to retrieve needed information from whom?', 'M', NULL, 'human'),
(14, 'Has it been easy for this project member to know who to contact for what, and how to contact them (find contact information of people relevant to the project)?', 'N', NULL, 'human'),
(15, 'Is there any substitute source for the information or knowledge coming from the project member, in case the member leaves the project?', 'O', NULL, 'human'),
(16, 'How available should this Information system be based on the project requirement? available anywhere, e.g. via mobile phone, Web, home and work computer?', 'P', NULL, 'software'),
(17, 'Please rate the availability of these information systems (available anytime, anywhere?)', 'Q', NULL, 'software'),
(18, 'How much is this information system/software intended to help you in your roles and responsibilities?', 'R', NULL, 'software'),
(19, 'To what extent can some of your workload and responsibilities be shared/allocated to the following information systems? E.g., remembering appointments, calculations, checking, etc.', 'S', NULL, 'software'),
(20, 'How accurate and reliable should this information system/software be in order to fulfill project requirements?', 'T', NULL, 'software'),
(21, 'Please rate the accuracy of data and information generated by the following information system.', 'U', NULL, 'software'),
(22, 'How often are did you plan to remain updated about this Information System/software?', 'V', NULL, 'software'),
(23, 'How updated are you actually about the new features and changes in this information systems?', 'W', NULL, 'software'),
(24, 'Has there been any plan for getting backup for this Information system/software?', 'X', NULL, 'software'),
(25, 'Is the backup for following Information system/software managed properly in practice?', 'Y', NULL, 'software'),
(26, 'How well do you know what information is available in this Information System and how to find that information?', 'Z', NULL, 'software'),
(27, 'How available should the hardware be based on the project requirements eg:- available anywhere (on-site, or in the factory, in the office)', 'AA', NULL, 'hardware'),
(28, 'Please rate the availability of these hardware systems.', 'AB', NULL, 'hardware'),
(29, 'To what extent do you believe this hardware is intended to assist you with your roles and responsibilities?', 'AC', NULL, 'hardware'),
(30, 'To what extent does this hardware assist you with your workload and responsibilities?', 'AD', NULL, 'hardware'),
(31, 'How accurate and reliable do you expect the hardware to be in fulfilling its intended purpose?', 'AE', NULL, 'hardware'),
(32, 'How accurate and reliable has the hardware been in fulfilling its intended purpose so far?', 'AF', NULL, 'hardware'),
(33, 'How often do you plan to update yourself about new features and changes to this hardware?', 'AG', NULL, 'hardware'),
(34, 'How updated are you with the new features and changes to this hardware system?', 'AH', NULL, 'hardware'),
(35, 'Has there been any plan regarding the backup of this hardware incase of failure', 'AI', NULL, 'hardware'),
(36, 'Is there a proper backup for this hardware in practise', 'AJ', NULL, 'hardware'),
(37, 'How knowledgeable are you about the source and availability of information related to this hardware, as well as how to access that information?', 'AK', NULL, 'hardware'),
(38, 'Are there planned strategies to reinforce expertise and knowledge for effective hardware utilization in the project, including continuous learning, skill development, and knowledge transfer?', 'AL', NULL, 'hardware'),
(39, 'To what extent has the project organization reinforced expertise in this hardware, considering initiatives for continuous learning, skill development, and overall knowledge enhancement?', 'AM', NULL, 'hardware'),
(40, 'How do you anticipate the information quality from this hardware in fulfilling its intended purpose for the project?', 'AN', NULL, 'hardware'),
(41, 'How would you describe the quality of information provided by this hardware for this project?', 'AO', NULL, 'hardware'),
(42, 'How central do you anticipate this hardware to be for meeting the project requirements?', 'AP', NULL, 'hardware'),
(43, 'How central is this hardware to be for meeting the project requirements?', 'AQ', NULL, 'hardware');

-- --------------------------------------------------------

--
-- Table structure for table `question_options`
--

CREATE TABLE `question_options` (
  `option_id` int(11) NOT NULL,
  `question_id` int(11) NOT NULL,
  `option_text` varchar(500) NOT NULL,
  `option_order` int(11) NOT NULL
) ENGINE=InnoDB DEFAULT CHARSET=utf8mb4 COLLATE=utf8mb4_general_ci;

--
-- Dumping data for table `question_options`
--

INSERT INTO `question_options` (`option_id`, `question_id`, `option_text`, `option_order`) VALUES
(1, 1, 'Daily', 1),
(2, 1, 'Weekly', 2),
(3, 1, 'Biweekly', 3),
(4, 1, 'Monthly', 4),
(5, 1, 'Bimonthly', 5),
(6, 2, 'Daily', 1),
(7, 2, 'Weekly', 2),
(8, 2, 'Biweekly', 3),
(9, 2, 'Monthly', 4),
(10, 2, 'Bimonthly', 5),
(11, 3, 'Very easy', 1),
(12, 3, 'Easy', 2),
(13, 3, 'Neither easy nor difficult', 3),
(14, 3, 'Difficult', 4),
(15, 3, 'Very difficult', 5),
(16, 4, 'Very easy', 1),
(17, 4, 'Easy', 2),
(18, 4, 'Neither easy nor difficult', 3),
(19, 4, 'Difficult', 4),
(20, 4, 'Very difficult', 5),
(21, 5, 'Excellently defined', 1),
(22, 5, 'Reasonably defined', 2),
(23, 5, 'Neutral', 3),
(24, 5, 'Not so well defined', 4),
(25, 5, 'Poorly defined', 5),
(26, 6, 'Excellently defined', 1),
(27, 6, 'Reasonably defined', 2),
(28, 6, 'Neutral', 3),
(29, 6, 'Not so well defined', 4),
(30, 6, 'Poorly defined', 5),
(31, 7, 'Not important', 1),
(32, 7, 'Some error is fine', 2),
(33, 7, 'Neutral', 3),
(34, 7, 'Important', 4),
(35, 7, 'Very important/must', 5),
(36, 8, 'Not important', 1),
(37, 8, 'Somewhat', 2),
(38, 8, 'Neutral', 3),
(39, 8, 'High', 4),
(40, 8, 'Completely', 5),
(41, 9, 'Very rarely', 1),
(42, 9, 'Rarely', 2),
(43, 9, 'Occasionally', 3),
(44, 9, 'Regularly', 4),
(45, 9, 'Very regularly', 5),
(46, 10, 'Very rarely', 1),
(47, 10, 'Rarely', 2),
(48, 10, 'Occasionally', 3),
(49, 10, 'Regularly', 4),
(50, 10, 'Very regularly', 5),
(51, 11, 'Daily', 1),
(52, 11, 'Weekly', 2),
(53, 11, 'Biweekly', 3),
(54, 11, 'Monthly', 4),
(55, 11, 'Bimonthly', 5),
(56, 12, 'Daily', 1),
(57, 12, 'Weekly', 2),
(58, 12, 'Biweekly', 3),
(59, 12, 'Monthly', 4),
(60, 12, 'Bimonthly', 5),
(61, 13, 'Yes', 1),
(62, 13, 'Likely', 2),
(63, 13, 'Not sure', 3),
(64, 13, 'Unlikely', 4),
(65, 13, 'No', 5),
(66, 14, 'Yes', 1),
(67, 14, 'Likely', 2),
(68, 14, 'Not sure', 3),
(69, 14, 'Unlikely', 4),
(70, 14, 'No', 5),
(71, 15, 'No', 1),
(72, 15, 'Unlikely', 2),
(73, 15, 'Likely', 3),
(74, 15, 'Yes', 4),
(75, 15, 'I do not know', 5),
(76, 16, 'Not required', 1),
(77, 16, 'Low requirement', 2),
(78, 16, 'Moderate req\'t', 3),
(79, 16, 'High req\'t', 4),
(80, 16, 'Very high requirement', 5),
(81, 17, 'No availability', 1),
(82, 17, 'Low avail\'y', 2),
(83, 17, 'Moderate avail\'y', 3),
(84, 17, 'High avail\'y', 4),
(85, 17, 'Very high availability', 5),
(86, 18, 'Completely', 1),
(87, 18, 'High level', 2),
(88, 18, 'Moderate level', 3),
(89, 18, 'To some level', 4),
(90, 18, 'Not at all', 5),
(91, 19, 'Completely', 1),
(92, 19, 'High level', 2),
(93, 19, 'Moderate level', 3),
(94, 19, 'To some level', 4),
(95, 19, 'Not at all', 5),
(96, 20, 'Not important', 1),
(97, 20, 'Some inaccuracy is fine', 2),
(98, 20, 'Neutral', 3),
(99, 20, 'Important', 4),
(100, 20, 'Very important/must', 5),
(101, 21, 'Not accurate', 1),
(102, 21, 'Some inaccuracies', 2),
(103, 21, 'Neutral', 3),
(104, 21, 'High accuracy', 4),
(105, 21, 'Very high accuracy', 5),
(106, 22, 'Very rarely', 1),
(107, 22, 'Rarely', 2),
(108, 22, 'Occasionally', 3),
(109, 22, 'Regularly', 4),
(110, 22, 'Very regularly', 5),
(111, 23, 'Very rarely', 1),
(112, 23, 'Rarely', 2),
(113, 23, 'Occasionally', 3),
(114, 23, 'Regularly', 4),
(115, 23, 'Very regularly', 5),
(116, 24, 'Yes', 1),
(117, 24, 'Likely', 2),
(118, 24, 'Unlikely', 3),
(119, 24, 'No', 4),
(120, 24, 'I do not know', 5),
(121, 25, 'Yes', 1),
(122, 25, 'Likely', 2),
(123, 25, 'Unlikely', 3),
(124, 25, 'No', 4),
(125, 25, 'I do not know', 5),
(126, 26, 'Do not know', 1),
(127, 26, 'Know poorly', 2),
(128, 26, 'Know moderately', 3),
(129, 26, 'Know reasonably well', 4),
(130, 26, 'Know very well', 5),
(131, 27, 'Non availability', 1),
(132, 27, 'Low availability', 2),
(133, 27, 'Moderate availability', 3),
(134, 27, 'High availability', 4),
(135, 27, 'Very high availability', 5),
(136, 28, 'Non availability', 1),
(137, 28, 'Low availability', 2),
(138, 28, 'Moderate availability', 3),
(139, 28, 'High availability', 4),
(140, 28, 'Very high availability', 5),
(141, 29, 'Completely', 1),
(142, 29, 'High level', 2),
(143, 29, 'Moderate level', 3),
(144, 29, 'To some level', 4),
(145, 29, 'Not at all', 5),
(146, 30, 'Completely', 1),
(147, 30, 'High level', 2),
(148, 30, 'Moderate level', 3),
(149, 30, 'To some level', 4),
(150, 30, 'Not at all', 5),
(151, 31, 'Not important', 1),
(152, 31, 'Some inaccuracy is fine', 2),
(153, 31, 'Neutral', 3),
(154, 31, 'Important', 4),
(155, 31, 'Very important', 5),
(156, 32, 'Not important', 1),
(157, 32, 'Some inaccuracy is fine', 2),
(158, 32, 'Neutral', 3),
(159, 32, 'Important', 4),
(160, 32, 'Very important', 5),
(161, 33, 'Very rarely', 1),
(162, 33, 'Rarely', 2),
(163, 33, 'Occasionally', 3),
(164, 33, 'Regularly', 4),
(165, 33, 'Very regularly', 5),
(166, 34, 'Very rarely', 1),
(167, 34, 'Rarely', 2),
(168, 34, 'Occasionally', 3),
(169, 34, 'Regularly', 4),
(170, 34, 'Very regularly', 5),
(171, 35, 'Yes', 1),
(172, 35, 'Likely', 2),
(173, 35, 'Unlikely', 3),
(174, 35, 'No', 4),
(175, 35, 'I don\'t know', 5),
(176, 36, 'Yes', 1),
(177, 36, 'Likely', 2),
(178, 36, 'Unlikely', 3),
(179, 36, 'No', 4),
(180, 36, 'I don\'t know', 5),
(181, 37, 'Don\'t know', 1),
(182, 37, 'Know poorly', 2),
(183, 37, 'Know moderately', 3),
(184, 37, 'Know reasonably well', 4),
(185, 37, 'Know very well', 5),
(186, 38, 'Minimal reinforcement', 1),
(187, 38, 'Moderate reinforcement', 2),
(188, 38, 'Balanced reinforcement', 3),
(189, 38, 'High reinforcement', 4),
(190, 38, 'Over-reinforcement', 5),
(191, 39, 'Minimal reinforcement', 1),
(192, 39, 'Moderate reinforcement', 2),
(193, 39, 'Balanced reinforcement', 3),
(194, 39, 'High reinforcement', 4),
(195, 39, 'Over-reinforcement', 5),
(196, 40, 'High information quality', 1),
(197, 40, 'Moderate information quality', 2),
(198, 40, 'Balanced information quality', 3),
(199, 40, 'Low information quality', 4),
(200, 40, 'Unknown', 5),
(201, 41, 'High information quality', 1),
(202, 41, 'Moderate information quality', 2),
(203, 41, 'Balanced information quality', 3),
(204, 41, 'Low information quality', 4),
(205, 41, 'Unknown', 5),
(206, 42, 'Highly central', 1),
(207, 42, 'Moderately central', 2),
(208, 42, 'Somewhat central', 3),
(209, 42, 'Minimally central', 4),
(210, 42, 'Unknown', 5),
(211, 43, 'Highly central', 1),
(212, 43, 'Moderately central', 2),
(213, 43, 'Somewhat central', 3),
(214, 43, 'Minimally central', 4),
(215, 43, 'Unknown', 5);

-- --------------------------------------------------------

--
-- Table structure for table `responses`
--

CREATE TABLE `responses` (
  `response_id` int(11) NOT NULL,
  `user_id` int(11) NOT NULL,
  `question_id` int(11) NOT NULL,
  `option_id` int(11) NOT NULL,
  `subject_id` int(11) NOT NULL,
  `subject_type` enum('person','software','hardware','analog') NOT NULL
) ENGINE=InnoDB DEFAULT CHARSET=utf8mb4 COLLATE=utf8mb4_general_ci;

--
-- Dumping data for table `responses`
--

INSERT INTO `responses` (`response_id`, `user_id`, `question_id`, `option_id`, `subject_id`, `subject_type`) VALUES
(1, 7, 27, 131, 9, 'hardware'),
(2, 7, 28, 138, 9, 'hardware'),
(3, 7, 29, 143, 9, 'hardware'),
(4, 7, 30, 148, 9, 'hardware'),
(5, 7, 31, 151, 9, 'hardware'),
(6, 7, 32, 159, 9, 'hardware'),
(7, 7, 33, 164, 9, 'hardware'),
(8, 7, 34, 170, 9, 'hardware'),
(9, 7, 35, 175, 9, 'hardware'),
(10, 7, 36, 178, 9, 'hardware'),
(11, 7, 37, 184, 9, 'hardware'),
(12, 7, 38, 188, 9, 'hardware'),
(13, 7, 39, 193, 9, 'hardware'),
(14, 7, 40, 197, 9, 'hardware'),
(15, 7, 41, 203, 9, 'hardware'),
(16, 7, 42, 208, 9, 'hardware'),
(17, 7, 43, 212, 9, 'hardware'),
(18, 3, 27, 131, 10, 'hardware'),
(19, 3, 28, 138, 10, 'hardware'),
(20, 3, 29, 143, 10, 'hardware'),
(21, 3, 30, 148, 10, 'hardware'),
(22, 3, 31, 152, 10, 'hardware'),
(23, 3, 32, 157, 10, 'hardware'),
(24, 3, 33, 163, 10, 'hardware'),
(25, 3, 34, 169, 10, 'hardware'),
(26, 3, 35, 173, 10, 'hardware'),
(27, 3, 36, 178, 10, 'hardware'),
(28, 3, 37, 184, 10, 'hardware'),
(29, 3, 38, 188, 10, 'hardware'),
(30, 3, 39, 192, 10, 'hardware'),
(31, 3, 40, 199, 10, 'hardware'),
(32, 3, 41, 203, 10, 'hardware'),
(33, 3, 42, 208, 10, 'hardware'),
(34, 3, 43, 213, 10, 'hardware');

-- --------------------------------------------------------

--
-- Table structure for table `tools`
--

CREATE TABLE `tools` (
  `tool_id` int(11) NOT NULL,
  `tool_name` varchar(500) NOT NULL,
  `tool_type` enum('software','hardware','analog') NOT NULL
) ENGINE=InnoDB DEFAULT CHARSET=utf8mb4 COLLATE=utf8mb4_general_ci;

--
-- Dumping data for table `tools`
--

INSERT INTO `tools` (`tool_id`, `tool_name`, `tool_type`) VALUES
(18, 'AutoCAD', 'software'),
(4, 'Canva', 'software'),
(13, 'ChatGPT', 'software'),
(19, 'CircuitIO', 'software'),
(10, 'CO2 laser cutting', 'hardware'),
(12, 'Copilot', 'software'),
(5, 'Figma', 'software'),
(17, 'Fusion 360', 'software'),
(22, 'JIRA', 'software'),
(30, 'Master CAM', 'software'),
(7, 'Matlab', 'software'),
(24, 'Mentimeter', 'software'),
(14, 'MS Office tools - Word, Excel, PPT', 'software'),
(20, 'NX', 'software'),
(16, 'Onedrive', 'software'),
(2, 'Outlook', 'software'),
(29, 'Pdf Reader', 'software'),
(28, 'Photoshop', 'software'),
(15, 'Power Automate', 'software'),
(11, 'Python', 'software'),
(27, 'Rhino', 'software'),
(3, 'Sharepoint', 'software'),
(9, 'Sheet Metal Laser Cutting Machine', 'hardware'),
(26, 'SketchUp', 'software'),
(25, 'Slicer or 3D print', 'software'),
(21, 'SolidWorks', 'software'),
(6, 'TinkerCad', 'software'),
(23, 'Trello', 'software'),
(1, 'WhatsApp', 'software'),
(8, 'Wire EDM', 'hardware');

-- --------------------------------------------------------

--
-- Table structure for table `users`
--

CREATE TABLE `users` (
  `user_id` int(11) NOT NULL,
  `first_name` varchar(500) NOT NULL,
  `last_name` varchar(500) NOT NULL,
  `designation` varchar(500) DEFAULT NULL,
  `email_id` varchar(500) NOT NULL,
  `department` varchar(500) DEFAULT NULL,
  `timestamp` timestamp NOT NULL DEFAULT current_timestamp()
) ENGINE=InnoDB DEFAULT CHARSET=utf8mb4 COLLATE=utf8mb4_general_ci;

--
-- Dumping data for table `users`
--

INSERT INTO `users` (`user_id`, `first_name`, `last_name`, `designation`, `email_id`, `department`, `timestamp`) VALUES
(1, 'Apala ', 'Chakrabarti', 'Trainer', 'apala@fsid-iisc.in', 'COE', '0000-00-00 00:00:00'),
(2, 'Calvin', ' Samuel', 'AM Tech support', 'calvin@fsid-iisc.in', 'COE', '0000-00-00 00:00:00'),
(3, 'Chetan ', 'R', 'Technical support Engineer', 'chethanr@fsid-iisc.in', 'COE', '0000-00-00 00:00:00'),
(4, 'Gayathri ', 'M', 'Accountant', 'gayathri@fsid-iisc.in', 'COE', '0000-00-00 00:00:00'),
(5, 'Hunny ', 'Bidlan', 'In-house trainer', 'hsbidlan@gmail.com', 'COE', '0000-00-00 00:00:00'),
(6, 'K Joshil ', 'Raj', 'CEO', 'joshil@fsid-iisc.in', 'COE', '0000-00-00 00:00:00'),
(7, 'Laveen ', 'Kumar', 'In-house trainer', 'Laveen@fsid-iisc.in', 'COE', '0000-00-00 00:00:00'),
(8, 'Nishath', ' Salma', 'In-house trainer', 'nsalma@fsid-iisc.in', 'COE', '0000-00-00 00:00:00'),
(9, 'Puneeth ', 'S', 'In-house trainer', 'puneeth@fsid-iisc.in', 'COE', '0000-00-00 00:00:00'),
(10, 'Siva ', 'S', 'Technical support staff', 'Siva@fsid-iisc.in', 'COE', '0000-00-00 00:00:00'),
(11, 'Subramanian', '', 'Technical support', 'subramanian@fsid-iisc.in', 'COE', '0000-00-00 00:00:00'),
(12, 'TSVV ', 'Murali', 'In-house trainer', 'venkata@fsid-iisc.in', 'COE', '0000-00-00 00:00:00'),
(13, 'Chytra ', 'K', 'HR', 'chytra.k@fsid-iisc.in', 'COE', '0000-00-00 00:00:00'),
(14, 'Ishaan ', 'Jain', 'Intern', 'Intern@fsid-iisc.in', 'COE', '0000-00-00 00:00:00');

-- --------------------------------------------------------

--
-- Table structure for table `user_people`
--

CREATE TABLE `user_people` (
  `user_people_id` int(11) NOT NULL,
  `user_id` int(11) NOT NULL,
  `person_id` int(11) NOT NULL,
  `timestamp` timestamp NOT NULL DEFAULT current_timestamp()
) ENGINE=InnoDB DEFAULT CHARSET=utf8mb4 COLLATE=utf8mb4_general_ci;

--
-- Dumping data for table `user_people`
--

INSERT INTO `user_people` (`user_people_id`, `user_id`, `person_id`, `timestamp`) VALUES
(1, 1, 2, '2025-03-29 06:23:08'),
(2, 1, 3, '2025-03-29 06:23:08'),
(3, 1, 4, '2025-03-29 06:23:08'),
(4, 1, 5, '2025-03-29 06:23:08'),
(5, 1, 6, '2025-03-29 06:23:08'),
(6, 1, 7, '2025-03-29 06:23:08'),
(7, 1, 8, '2025-03-29 06:23:08'),
(8, 1, 9, '2025-03-29 06:23:08'),
(9, 1, 10, '2025-03-29 06:23:08'),
(10, 1, 11, '2025-03-29 06:23:08'),
(11, 1, 12, '2025-03-29 06:23:08'),
(12, 1, 13, '2025-03-29 06:23:08'),
(13, 1, 14, '2025-03-29 06:23:08'),
(14, 2, 1, '2025-03-29 06:23:08'),
(15, 2, 3, '2025-03-29 06:23:08'),
(16, 2, 4, '2025-03-29 06:23:08'),
(17, 2, 5, '2025-03-29 06:23:08'),
(18, 2, 6, '2025-03-29 06:23:08'),
(19, 2, 7, '2025-03-29 06:23:08'),
(20, 2, 8, '2025-03-29 06:23:08'),
(21, 2, 9, '2025-03-29 06:23:08'),
(22, 2, 10, '2025-03-29 06:23:08'),
(23, 2, 11, '2025-03-29 06:23:08'),
(24, 2, 12, '2025-03-29 06:23:08'),
(25, 2, 13, '2025-03-29 06:23:08'),
(26, 2, 14, '2025-03-29 06:23:08'),
(27, 3, 1, '2025-03-29 06:23:08'),
(28, 3, 2, '2025-03-29 06:23:08'),
(29, 3, 4, '2025-03-29 06:23:08'),
(30, 3, 5, '2025-03-29 06:23:08'),
(31, 3, 6, '2025-03-29 06:23:08'),
(32, 3, 7, '2025-03-29 06:23:08'),
(33, 3, 8, '2025-03-29 06:23:08'),
(34, 3, 9, '2025-03-29 06:23:08'),
(35, 3, 10, '2025-03-29 06:23:08'),
(36, 3, 11, '2025-03-29 06:23:08'),
(37, 3, 12, '2025-03-29 06:23:08'),
(38, 3, 13, '2025-03-29 06:23:08'),
(39, 3, 14, '2025-03-29 06:23:08'),
(40, 4, 1, '2025-03-29 06:23:08'),
(41, 4, 2, '2025-03-29 06:23:08'),
(42, 4, 3, '2025-03-29 06:23:08'),
(43, 4, 5, '2025-03-29 06:23:08'),
(44, 4, 6, '2025-03-29 06:23:08'),
(45, 4, 7, '2025-03-29 06:23:08'),
(46, 4, 8, '2025-03-29 06:23:08'),
(47, 4, 9, '2025-03-29 06:23:08'),
(48, 4, 10, '2025-03-29 06:23:08'),
(49, 4, 11, '2025-03-29 06:23:08'),
(50, 4, 12, '2025-03-29 06:23:08'),
(51, 4, 13, '2025-03-29 06:23:08'),
(52, 4, 14, '2025-03-29 06:23:08'),
(53, 5, 1, '2025-03-29 06:23:08'),
(54, 5, 2, '2025-03-29 06:23:08'),
(55, 5, 3, '2025-03-29 06:23:08'),
(56, 5, 4, '2025-03-29 06:23:08'),
(57, 5, 6, '2025-03-29 06:23:08'),
(58, 5, 7, '2025-03-29 06:23:08'),
(59, 5, 8, '2025-03-29 06:23:08'),
(60, 5, 9, '2025-03-29 06:23:08'),
(61, 5, 10, '2025-03-29 06:23:08'),
(62, 5, 11, '2025-03-29 06:23:08'),
(63, 5, 12, '2025-03-29 06:23:08'),
(64, 5, 13, '2025-03-29 06:23:08'),
(65, 5, 14, '2025-03-29 06:23:08'),
(66, 6, 1, '2025-03-29 06:23:08'),
(67, 6, 2, '2025-03-29 06:23:08'),
(68, 6, 3, '2025-03-29 06:23:08'),
(69, 6, 4, '2025-03-29 06:23:08'),
(70, 6, 5, '2025-03-29 06:23:08'),
(71, 6, 7, '2025-03-29 06:23:08'),
(72, 6, 8, '2025-03-29 06:23:08'),
(73, 6, 9, '2025-03-29 06:23:08'),
(74, 6, 10, '2025-03-29 06:23:08'),
(75, 6, 11, '2025-03-29 06:23:08'),
(76, 6, 12, '2025-03-29 06:23:08'),
(77, 6, 13, '2025-03-29 06:23:08'),
(78, 6, 14, '2025-03-29 06:23:08'),
(79, 7, 1, '2025-03-29 06:23:08'),
(80, 7, 2, '2025-03-29 06:23:08'),
(81, 7, 3, '2025-03-29 06:23:08'),
(82, 7, 4, '2025-03-29 06:23:08'),
(83, 7, 5, '2025-03-29 06:23:08'),
(84, 7, 6, '2025-03-29 06:23:08'),
(85, 7, 8, '2025-03-29 06:23:08'),
(86, 7, 9, '2025-03-29 06:23:08'),
(87, 7, 10, '2025-03-29 06:23:08'),
(88, 7, 11, '2025-03-29 06:23:08'),
(89, 7, 12, '2025-03-29 06:23:08'),
(90, 7, 13, '2025-03-29 06:23:08'),
(91, 7, 14, '2025-03-29 06:23:08'),
(92, 8, 1, '2025-03-29 06:23:08'),
(93, 8, 2, '2025-03-29 06:23:08'),
(94, 8, 3, '2025-03-29 06:23:08'),
(95, 8, 4, '2025-03-29 06:23:08'),
(96, 8, 5, '2025-03-29 06:23:08'),
(97, 8, 6, '2025-03-29 06:23:08'),
(98, 8, 7, '2025-03-29 06:23:08'),
(99, 8, 9, '2025-03-29 06:23:08'),
(100, 8, 10, '2025-03-29 06:23:08'),
(101, 8, 11, '2025-03-29 06:23:08'),
(102, 8, 12, '2025-03-29 06:23:08'),
(103, 8, 13, '2025-03-29 06:23:08'),
(104, 8, 14, '2025-03-29 06:23:08'),
(105, 9, 1, '2025-03-29 06:23:08'),
(106, 9, 2, '2025-03-29 06:23:08'),
(107, 9, 3, '2025-03-29 06:23:08'),
(108, 9, 4, '2025-03-29 06:23:08'),
(109, 9, 5, '2025-03-29 06:23:08'),
(110, 9, 6, '2025-03-29 06:23:08'),
(111, 9, 7, '2025-03-29 06:23:08'),
(112, 9, 8, '2025-03-29 06:23:08'),
(113, 9, 10, '2025-03-29 06:23:08'),
(114, 9, 11, '2025-03-29 06:23:08'),
(115, 9, 12, '2025-03-29 06:23:08'),
(116, 9, 13, '2025-03-29 06:23:08'),
(117, 9, 14, '2025-03-29 06:23:08'),
(118, 10, 1, '2025-03-29 06:23:08'),
(119, 10, 2, '2025-03-29 06:23:08'),
(120, 10, 3, '2025-03-29 06:23:08'),
(121, 10, 4, '2025-03-29 06:23:08'),
(122, 10, 5, '2025-03-29 06:23:08'),
(123, 10, 6, '2025-03-29 06:23:08'),
(124, 10, 7, '2025-03-29 06:23:08'),
(125, 10, 8, '2025-03-29 06:23:08'),
(126, 10, 9, '2025-03-29 06:23:08'),
(127, 10, 11, '2025-03-29 06:23:08'),
(128, 10, 12, '2025-03-29 06:23:08'),
(129, 10, 13, '2025-03-29 06:23:08'),
(130, 10, 14, '2025-03-29 06:23:08'),
(131, 11, 1, '2025-03-29 06:23:08'),
(132, 11, 2, '2025-03-29 06:23:08'),
(133, 11, 3, '2025-03-29 06:23:08'),
(134, 11, 4, '2025-03-29 06:23:08'),
(135, 11, 5, '2025-03-29 06:23:08'),
(136, 11, 6, '2025-03-29 06:23:08'),
(137, 11, 7, '2025-03-29 06:23:08'),
(138, 11, 8, '2025-03-29 06:23:08'),
(139, 11, 9, '2025-03-29 06:23:08'),
(140, 11, 10, '2025-03-29 06:23:08'),
(141, 11, 12, '2025-03-29 06:23:08'),
(142, 11, 13, '2025-03-29 06:23:08'),
(143, 11, 14, '2025-03-29 06:23:08'),
(144, 12, 1, '2025-03-29 06:23:08'),
(145, 12, 2, '2025-03-29 06:23:08'),
(146, 12, 3, '2025-03-29 06:23:08'),
(147, 12, 4, '2025-03-29 06:23:08'),
(148, 12, 5, '2025-03-29 06:23:08'),
(149, 12, 6, '2025-03-29 06:23:08'),
(150, 12, 7, '2025-03-29 06:23:08'),
(151, 12, 8, '2025-03-29 06:23:08'),
(152, 12, 9, '2025-03-29 06:23:08'),
(153, 12, 10, '2025-03-29 06:23:08'),
(154, 12, 11, '2025-03-29 06:23:08'),
(155, 12, 13, '2025-03-29 06:23:08'),
(156, 12, 14, '2025-03-29 06:23:08'),
(157, 13, 1, '2025-03-29 06:23:08'),
(158, 13, 2, '2025-03-29 06:23:08'),
(159, 13, 3, '2025-03-29 06:23:08'),
(160, 13, 4, '2025-03-29 06:23:08'),
(161, 13, 5, '2025-03-29 06:23:08'),
(162, 13, 6, '2025-03-29 06:23:08'),
(163, 13, 7, '2025-03-29 06:23:08'),
(164, 13, 8, '2025-03-29 06:23:08'),
(165, 13, 9, '2025-03-29 06:23:08'),
(166, 13, 10, '2025-03-29 06:23:08'),
(167, 13, 11, '2025-03-29 06:23:08'),
(168, 13, 12, '2025-03-29 06:23:08'),
(169, 13, 14, '2025-03-29 06:23:08'),
(170, 14, 1, '2025-03-29 06:23:08'),
(171, 14, 2, '2025-03-29 06:23:08'),
(172, 14, 3, '2025-03-29 06:23:08'),
(173, 14, 4, '2025-03-29 06:23:08'),
(174, 14, 5, '2025-03-29 06:23:08'),
(175, 14, 6, '2025-03-29 06:23:08'),
(176, 14, 7, '2025-03-29 06:23:08'),
(177, 14, 8, '2025-03-29 06:23:08'),
(178, 14, 9, '2025-03-29 06:23:08'),
(179, 14, 10, '2025-03-29 06:23:08'),
(180, 14, 11, '2025-03-29 06:23:08'),
(181, 14, 12, '2025-03-29 06:23:08'),
(182, 14, 13, '2025-03-29 06:23:08');

-- --------------------------------------------------------

--
-- Table structure for table `user_tools`
--

CREATE TABLE `user_tools` (
  `user_tool_id` int(11) NOT NULL,
  `user_id` int(11) NOT NULL,
  `tool_id` int(11) NOT NULL,
  `timestamp` timestamp NOT NULL DEFAULT current_timestamp()
) ENGINE=InnoDB DEFAULT CHARSET=utf8mb4 COLLATE=utf8mb4_general_ci;

--
-- Dumping data for table `user_tools`
--

INSERT INTO `user_tools` (`user_tool_id`, `user_id`, `tool_id`, `timestamp`) VALUES
(1, 1, 1, '2025-03-29 06:18:06'),
(2, 1, 2, '2025-03-29 06:18:06'),
(3, 1, 3, '2025-03-29 06:18:06'),
(4, 1, 4, '2025-03-29 06:18:06'),
(5, 1, 5, '2025-03-29 06:18:06'),
(6, 1, 6, '2025-03-29 06:18:06'),
(7, 1, 7, '2025-03-29 06:18:06'),
(8, 1, 8, '2025-03-29 06:18:06'),
(9, 1, 9, '2025-03-29 06:18:06'),
(10, 1, 10, '2025-03-29 06:18:06'),
(11, 2, 11, '2025-03-29 06:18:06'),
(12, 2, 12, '2025-03-29 06:18:06'),
(13, 2, 13, '2025-03-29 06:18:06'),
(14, 2, 14, '2025-03-29 06:18:06'),
(15, 2, 15, '2025-03-29 06:18:06'),
(16, 2, 16, '2025-03-29 06:18:06'),
(17, 2, 17, '2025-03-29 06:18:06'),
(18, 3, 18, '2025-03-29 06:18:06'),
(19, 3, 19, '2025-03-29 06:18:06'),
(20, 3, 20, '2025-03-29 06:18:06'),
(21, 3, 21, '2025-03-29 06:18:06'),
(22, 4, 22, '2025-03-29 06:18:06'),
(23, 4, 23, '2025-03-29 06:18:06'),
(24, 4, 24, '2025-03-29 06:18:06'),
(25, 5, 25, '2025-03-29 06:18:06'),
(26, 5, 26, '2025-03-29 06:18:06'),
(27, 5, 18, '2025-03-29 06:18:06'),
(28, 5, 27, '2025-03-29 06:18:06'),
(29, 5, 28, '2025-03-29 06:18:06'),
(30, 5, 29, '2025-03-29 06:18:06'),
(31, 5, 30, '2025-03-29 06:18:06'),
(32, 6, 1, '2025-03-29 06:18:06'),
(33, 6, 2, '2025-03-29 06:18:06'),
(34, 6, 3, '2025-03-29 06:18:06'),
(35, 6, 4, '2025-03-29 06:18:06'),
(36, 6, 5, '2025-03-29 06:18:06'),
(37, 6, 6, '2025-03-29 06:18:06'),
(38, 6, 7, '2025-03-29 06:18:06'),
(39, 7, 18, '2025-03-29 06:18:06'),
(40, 7, 19, '2025-03-29 06:18:06'),
(41, 7, 11, '2025-03-29 06:18:06'),
(42, 7, 12, '2025-03-29 06:18:06'),
(43, 7, 13, '2025-03-29 06:18:06'),
(44, 7, 14, '2025-03-29 06:18:06'),
(45, 7, 15, '2025-03-29 06:18:06'),
(46, 7, 16, '2025-03-29 06:18:06'),
(47, 8, 20, '2025-03-29 06:18:06'),
(48, 8, 21, '2025-03-29 06:18:06'),
(49, 9, 22, '2025-03-29 06:18:06'),
(50, 9, 23, '2025-03-29 06:18:06'),
(51, 9, 24, '2025-03-29 06:18:06'),
(52, 10, 25, '2025-03-29 06:18:06'),
(53, 10, 26, '2025-03-29 06:18:06'),
(54, 10, 18, '2025-03-29 06:18:06'),
(55, 10, 27, '2025-03-29 06:18:06'),
(56, 10, 28, '2025-03-29 06:18:06'),
(57, 10, 29, '2025-03-29 06:18:06'),
(58, 10, 30, '2025-03-29 06:18:06');

--
-- Indexes for dumped tables
--

--
-- Indexes for table `questions`
--
ALTER TABLE `questions`
  ADD PRIMARY KEY (`question_id`);

--
-- Indexes for table `question_options`
--
ALTER TABLE `question_options`
  ADD PRIMARY KEY (`option_id`),
  ADD KEY `question_id` (`question_id`);

--
-- Indexes for table `responses`
--
ALTER TABLE `responses`
  ADD PRIMARY KEY (`response_id`),
  ADD UNIQUE KEY `user_id` (`user_id`,`question_id`,`subject_id`,`subject_type`);

--
-- Indexes for table `tools`
--
ALTER TABLE `tools`
  ADD PRIMARY KEY (`tool_id`),
  ADD UNIQUE KEY `tool_name` (`tool_name`,`tool_type`);

--
-- Indexes for table `users`
--
ALTER TABLE `users`
  ADD PRIMARY KEY (`user_id`);

--
-- Indexes for table `user_people`
--
ALTER TABLE `user_people`
  ADD PRIMARY KEY (`user_people_id`),
  ADD UNIQUE KEY `user_id` (`user_id`,`person_id`),
  ADD KEY `person_id` (`person_id`);

--
-- Indexes for table `user_tools`
--
ALTER TABLE `user_tools`
  ADD PRIMARY KEY (`user_tool_id`),
  ADD UNIQUE KEY `user_id` (`user_id`,`tool_id`),
  ADD KEY `tool_id` (`tool_id`);

--
-- AUTO_INCREMENT for dumped tables
--

--
-- AUTO_INCREMENT for table `questions`
--
ALTER TABLE `questions`
  MODIFY `question_id` int(11) NOT NULL AUTO_INCREMENT, AUTO_INCREMENT=44;

--
-- AUTO_INCREMENT for table `question_options`
--
ALTER TABLE `question_options`
  MODIFY `option_id` int(11) NOT NULL AUTO_INCREMENT, AUTO_INCREMENT=216;

--
-- AUTO_INCREMENT for table `responses`
--
ALTER TABLE `responses`
  MODIFY `response_id` int(11) NOT NULL AUTO_INCREMENT, AUTO_INCREMENT=35;

--
-- AUTO_INCREMENT for table `tools`
--
ALTER TABLE `tools`
  MODIFY `tool_id` int(11) NOT NULL AUTO_INCREMENT, AUTO_INCREMENT=31;

--
-- AUTO_INCREMENT for table `users`
--
ALTER TABLE `users`
  MODIFY `user_id` int(11) NOT NULL AUTO_INCREMENT, AUTO_INCREMENT=15;

--
-- AUTO_INCREMENT for table `user_people`
--
ALTER TABLE `user_people`
  MODIFY `user_people_id` int(11) NOT NULL AUTO_INCREMENT, AUTO_INCREMENT=183;

--
-- AUTO_INCREMENT for table `user_tools`
--
ALTER TABLE `user_tools`
  MODIFY `user_tool_id` int(11) NOT NULL AUTO_INCREMENT, AUTO_INCREMENT=59;

--
-- Constraints for dumped tables
--

--
-- Constraints for table `question_options`
--
ALTER TABLE `question_options`
  ADD CONSTRAINT `question_options_ibfk_1` FOREIGN KEY (`question_id`) REFERENCES `questions` (`question_id`);

--
-- Constraints for table `user_people`
--
ALTER TABLE `user_people`
  ADD CONSTRAINT `user_people_ibfk_1` FOREIGN KEY (`user_id`) REFERENCES `users` (`user_id`),
  ADD CONSTRAINT `user_people_ibfk_2` FOREIGN KEY (`person_id`) REFERENCES `users` (`user_id`);

--
-- Constraints for table `user_tools`
--
ALTER TABLE `user_tools`
  ADD CONSTRAINT `user_tools_ibfk_1` FOREIGN KEY (`user_id`) REFERENCES `users` (`user_id`),
  ADD CONSTRAINT `user_tools_ibfk_2` FOREIGN KEY (`tool_id`) REFERENCES `tools` (`tool_id`);
COMMIT;

/*!40101 SET CHARACTER_SET_CLIENT=@OLD_CHARACTER_SET_CLIENT */;
/*!40101 SET CHARACTER_SET_RESULTS=@OLD_CHARACTER_SET_RESULTS */;
/*!40101 SET COLLATION_CONNECTION=@OLD_COLLATION_CONNECTION */;
