-- phpMyAdmin SQL Dump
-- version 5.2.1
-- https://www.phpmyadmin.net/
--
-- Host: 127.0.0.1
-- Generation Time: Jun 18, 2025 at 11:53 AM
-- Server version: 10.4.32-MariaDB
-- PHP Version: 8.1.25

SET SQL_MODE = "NO_AUTO_VALUE_ON_ZERO";
START TRANSACTION;
SET time_zone = "+00:00";


/*!40101 SET @OLD_CHARACTER_SET_CLIENT=@@CHARACTER_SET_CLIENT */;
/*!40101 SET @OLD_CHARACTER_SET_RESULTS=@@CHARACTER_SET_RESULTS */;
/*!40101 SET @OLD_COLLATION_CONNECTION=@@COLLATION_CONNECTION */;
/*!40101 SET NAMES utf8mb4 */;

--
-- Database: `new_survey`
--

-- --------------------------------------------------------

--
-- Table structure for table `questions`
--

CREATE TABLE `questions` (
  `question_id` int(11) NOT NULL,
  `question_text` varchar(500) NOT NULL,
  `variable_code` varchar(10) DEFAULT NULL,
  `example` varchar(1000) DEFAULT NULL,
  `category` enum('analog','hardware','software','human') NOT NULL
) ENGINE=InnoDB DEFAULT CHARSET=utf8mb4 COLLATE=utf8mb4_general_ci;

--
-- Dumping data for table `questions`
--

INSERT INTO `questions` (`question_id`, `question_text`, `variable_code`, `example`, `category`) VALUES
(1, 'How frequent were you expecting to communicate with this team member?', 'A', 'You expected daily check-ins with the sales manager to align on client priorities via email or calls. In practice, communication with the sales manager is only weekly during team meetings due to their travel schedule.', 'human'),
(2, 'How frequently do you actually communicate with this team member in practice?', 'B', 'You expected daily check-ins with the sales manager to align on client priorities via email or calls. In practice, communication with the sales manager is only weekly during team meetings due to their travel schedule.', 'human'),
(3, 'How accessible did you expect this team member to be?', 'C', 'You expected the IT support lead to be very easy to reach via chat or phone for urgent technical issues. In practice, accessing the IT support lead is difficult due to their involvement in multiple projects, with responses delayed by hours.', 'human'),
(4, 'How accessible is this team member when needed in practice?', 'D', 'You expected the IT support lead to be very easy to reach via chat or phone for urgent technical issues. In practice, accessing the IT support lead is difficult due to their involvement in multiple projects, with responses delayed by hours.', 'human'),
(5, 'How clearly did you expect this team member’s roles and responsibilities to be defined?', 'E', 'You expected the HR coordinator’s role in onboarding to be completely defined with training on new hiring protocols. In practice, the HR coordinator’s role is only moderately supported, as training was minimal, leading to inconsistent onboarding processes.', 'human'),
(6, 'How clearly are this team member’s roles and responsibilities defined in practice?', 'F', 'You expected the HR coordinator’s role in onboarding to be completely defined with training on new hiring protocols. In practice, the HR coordinator’s role is only moderately supported, as training was minimal, leading to inconsistent onboarding processes.', 'human'),
(7, 'How trustworthy did you expect the information shared by this team member to be?', 'G', 'You expected the finance analyst’s budget forecasts to be very important and trustworthy for strategic planning. In practice, the finance analyst’s forecasts are only slightly trustworthy due to occasional data errors, requiring verification.', 'human'),
(8, 'How trustworthy is the information shared by this team member?', 'H', 'You expected the finance analyst’s budget forecasts to be very important and trustworthy for strategic planning. In practice, the finance analyst’s forecasts are only slightly trustworthy due to occasional data errors, requiring verification.', 'human'),
(9, 'How often did you expect to train or share knowledge with this team member?', 'I', 'You expected frequent workshops to train the marketing associate on new campaign strategies. In practice, training for the marketing associate is rare due to budget constraints, limiting their strategic contributions.', 'human'),
(10, 'How often do you actually train or share knowledge with this team member?', 'J', 'You expected frequent workshops to train the marketing associate on new campaign strategies. In practice, training for the marketing associate is rare due to budget constraints, limiting their strategic contributions.', 'human'),
(11, 'How often did you expect updates on this team member\'s role?', 'K', 'You expected monthly updates from HR about changes in the team lead’s responsibilities, such as new project assignments. In practice, updates about the team lead’s responsibilities are less than monthly, often learned through informal chats.', 'human'),
(12, 'How often did you receive updates on this team member\'s role?', 'L', 'You expected monthly updates from HR about changes in the team lead’s responsibilities, such as new project assignments. In practice, updates about the team lead’s responsibilities are less than monthly, often learned through informal chats.', 'human'),
(13, 'How well did you expect this team member to know who to contact and how?', 'M', 'You expected an intranet directory listing all team members, roles, and contacts for quick reference. In practice, the intranet directory is probably no help, as it’s outdated and lacks new hires’ details.', 'human'),
(14, 'How well does this team member actually know who to contact and how?', 'N', 'You expected an intranet directory listing all team members, roles, and contacts for quick reference. In practice, the intranet directory is probably no help, as it’s outdated and lacks new hires’ details.', 'human'),
(15, 'Is there any substitute source for the information or knowledge coming from the project member, in case the member leaves the project?', 'O', NULL, 'human'),
(16, 'How clear did you expect the information shared by this team member to be?', 'P', 'You expected meeting notes shared with the project manager to be very important and free of misinterpretation for task alignment. In practice, meeting notes are only slightly free of misinterpretation due to unclear verbal briefings, causing task confusion.', 'human'),
(17, 'How clear is the information shared by this team member?', 'Q', 'You expected meeting notes shared with the project manager to be very important and free of misinterpretation for task alignment. In practice, meeting notes are only slightly free of misinterpretation due to unclear verbal briefings, causing task confusion.', 'human'),
(18, 'How accessible do you expect this information system to be?', 'R', 'You expected the CRM software (e.g., Salesforce) to be highly accessible via authenticated web and mobile access for sales managers working remotely. In practice, the CRM software is only moderately accessible due to recurring single sign-on issues, hindering remote access.', 'software'),
(19, 'How accessible is this information system?', 'S', 'You expected the CRM software (e.g., Salesforce) to be highly accessible via authenticated web and mobile access for sales managers working remotely. In practice, the CRM software is only moderately accessible due to recurring single sign-on issues, hindering remote access.', 'software'),
(20, 'How much support do you expect from this information system for your work tasks?', 'T', 'You expected the ERP system (e.g., SAP) to largely automate inventory tracking and financial reporting for the accounting team. In practice, the ERP system only moderately supports these tasks due to limited integration with external vendors, requiring manual data entry.', 'software'),
(21, 'How much support does this system currently provide for your work tasks?', 'U', 'You expected the ERP system (e.g., SAP) to largely automate inventory tracking and financial reporting for the accounting team. In practice, the ERP system only moderately supports these tasks due to limited integration with external vendors, requiring manual data entry.', 'software'),
(22, 'How accurate did you expect this information system to be?', 'V', 'You expected the accounting software (e.g., QuickBooks) to produce very important, accurate financial reports for budget planning. In practice, the accounting software’s reports are only slightly accurate due to data import errors, requiring manual corrections.', 'software'),
(23, 'How accurate is this information system?', 'W', 'You expected the accounting software (e.g., QuickBooks) to produce very important, accurate financial reports for budget planning. In practice, the accounting software’s reports are only slightly accurate due to data import errors, requiring manual corrections.', 'software'),
(24, 'How often do you expect updates about new features, versions, or changes in this information system?', 'X', 'The organizational plan expected frequent notifications about updates to the collaboration platform (e.g., Microsoft Teams) to ensure employees use new productivity features. In practice, employees are rarely updated about Teams updates, often missing new features like enhanced file sharing.', 'software'),
(25, 'How often are you actually updated about new features, versions, or changes in this information system in practice?', 'Y', 'The organizational plan expected frequent notifications about updates to the collaboration platform (e.g., Microsoft Teams) to ensure employees use new productivity features. In practice, employees are rarely updated about Teams updates, often missing new features like enhanced file sharing.', 'software'),
(26, 'How robust do you expect the backup mechanisms for this information system to be?', 'Z', 'You expected cloud backups of the CRM system to prevent customer data loss. In practice, as the CRM system’s cloud storage is inconsistently synced there are no backups, risking data loss.', 'software'),
(27, 'How robust are the backup mechanisms for this information system?', 'AA', 'You expected cloud backups of the CRM system to prevent customer data loss. In practice, as the CRM system’s cloud storage is inconsistently synced there are no backups, risking data loss.', 'software'),
(28, 'How easy did you expect it to be to navigate this information system?', 'AB', 'You expected the marketing team to know very well how to navigate the CRM system to access customer data via its dashboards. In practice, the marketing team knows only moderately well, as the CRM’s menus are complex, making data retrieval difficult.', 'software'),
(29, 'How easy is it to navigate this information system?', 'AC', 'You expected the marketing team to know very well how to navigate the CRM system to access customer data via its dashboards. In practice, the marketing team knows only moderately well, as the CRM’s menus are complex, making data retrieval difficult.', 'software'),
(30, 'How central do you expect this information system to be for organisational data?', 'AD', 'You expected the ERP system to completely serve as a central hub, integrating all customer and financial data for the operations team. In practice, the ERP system only moderately integrates data, as some departments still use separate spreadsheets.', 'software'),
(31, 'How central is this information system for the organisational data?', 'AE', 'You expected the ERP system to completely serve as a central hub, integrating all customer and financial data for the operations team. In practice, the ERP system only moderately integrates data, as some departments still use separate spreadsheets.', 'software'),
(32, 'How reliable do you expect the information system to be for entering and getting data?', 'AF', 'You expected data entered into the CRM system to be very important and free of errors for accurate customer analytics by the sales team. In practice, data is only slightly free of errors, as the CRM misinterprets imported formats, leading to incorrect analytics.', 'software'),
(33, 'How reliable is the information system for entering and retrieving data?', 'AG', 'You expected data entered into the CRM system to be very important and free of errors for accurate customer analytics by the sales team. In practice, data is only slightly free of errors, as the CRM misinterprets imported formats, leading to incorrect analytics.', 'software'),
(34, 'How available did you expect this hardware to be (e.g., in offices, data centers, remotely)?', 'AH', 'You expected the office printer to be highly available across departments for daily printing. The office printer is only moderately available due to network issues, causing printing delays.', 'hardware'),
(35, 'How available is this hardware in practice (e.g., in offices, data centers, remotely)?', 'AI', 'You expected the office printer to be highly available across departments for daily printing. The office printer is only moderately available due to network issues, causing printing delays.', 'hardware'),
(36, 'How well did you expect this hardware to support organizational roles (e.g., data storage, authentication)?', 'AJ', 'You expected the biometric scanner to largely handle employee attendance tracking for HR. The biometric scanner only moderately supports attendance tracking due to slow processing, needing manual backups.', 'hardware'),
(37, 'How well does this hardware support organizational roles in practice?', 'AK', 'You expected the biometric scanner to largely handle employee attendance tracking for HR. The biometric scanner only moderately supports attendance tracking due to slow processing, needing manual backups.', 'hardware'),
(38, 'How accurate and reliable did you expect this hardware to be (e.g., for performance or security)?', 'AL', 'You expected the server to be critical for secure data storage, trusted by IT. The server is only slightly reliable due to outages, requiring frequent IT fixes.', 'hardware'),
(39, 'How accurate and reliable is this hardware in practice?', 'AM', 'You expected the server to be critical for secure data storage, trusted by IT. The server is only slightly reliable due to outages, requiring frequent IT fixes.', 'hardware'),
(40, 'How often did you expect updates on maintenance or firmware?', 'AN', 'You expected frequent firmware updates for the conference room projector to ensure device compatibility. The administrative staff is rarely updated on projector firmware, causing compatibility issues.', 'hardware'),
(41, 'How often are you updated on maintenance or firmware in practice?', 'AO', 'You expected frequent firmware updates for the conference room projector to ensure device compatibility. The administrative staff is rarely updated on projector firmware, causing compatibility issues.', 'hardware'),
(42, 'How likely did you expect backup hardware to be available if this hardware failed?', 'AP', 'You expected a backup server to be available if the primary server failed. No backup server is available, risking data access during outages.', 'hardware'),
(43, 'How available is backup hardware in practice if this hardware fails?', 'AQ', 'You expected a backup server to be available if the primary server failed. No backup server is available, risking data access during outages.', 'hardware'),
(44, 'How well did you expect to know the hardware’s location and access (e.g., via IT inventories)?', 'AR', 'You expected IT staff to know the office printer’s location well via the asset management system. IT staff only moderately know the printer’s location due to an outdated asset system.', 'hardware'),
(45, 'How well do you know the hardware’s location and access in practice?', 'AS', 'You expected IT staff to know the office printer’s location well via the asset management system. IT staff only moderately know the printer’s location due to an outdated asset system.', 'hardware'),
(46, 'How much training did you expect to improve hardware use (e.g., for new features)?', 'AT', 'You expected significant training on biometric scanner features to improve attendance tracking. Training is minimal, leaving employees unaware of scanner features, reducing efficiency.', 'hardware'),
(47, 'How much training have you received to use this hardware effectively?', 'AU', 'You expected significant training on biometric scanner features to improve attendance tracking. Training is minimal, leaving employees unaware of scanner features, reducing efficiency.', 'hardware'),
(48, 'How central did you expect this hardware to be for organizational goals (e.g., operations)?', 'AV', 'You expected the server to be essential for managing critical business data. The server is only moderately central due to reliance on cloud alternatives.', 'hardware'),
(49, 'How central is this hardware to organizational goals in practice?', 'AW', 'You expected the server to be essential for managing critical business data. The server is only moderately central due to reliance on cloud alternatives.', 'hardware'),
(50, 'How do you anticipate the information quality from this hardware in fulfilling its intended purpose for the project?', 'AX', NULL, 'hardware'),
(51, 'How would you describe the quality of information provided by this hardware for this project?', 'AY', NULL, 'hardware');

-- --------------------------------------------------------

--
-- Table structure for table `question_options`
--

CREATE TABLE `question_options` (
  `option_id` int(11) NOT NULL,
  `question_id` int(11) NOT NULL,
  `option_text` varchar(500) NOT NULL,
  `option_order` int(11) NOT NULL
) ENGINE=InnoDB DEFAULT CHARSET=utf8mb4 COLLATE=utf8mb4_general_ci;

--
-- Dumping data for table `question_options`
--

INSERT INTO `question_options` (`option_id`, `question_id`, `option_text`, `option_order`) VALUES
(1, 1, 'Daily', 1),
(2, 1, 'Weekly', 2),
(3, 1, 'Biweekly', 3),
(4, 1, 'Monthly', 4),
(5, 1, 'Less than monthly', 5),
(6, 2, 'Daily', 1),
(7, 2, 'Weekly', 2),
(8, 2, 'Biweekly', 3),
(9, 2, 'Monthly', 4),
(10, 2, 'Less than monthly', 5),
(11, 3, 'Very accessible', 1),
(12, 3, 'Accessible', 2),
(13, 3, 'Neutral', 3),
(14, 3, 'Not very accessible', 4),
(15, 3, 'Not at all accessible', 5),
(16, 4, 'Very accessible', 1),
(17, 4, 'Accessible', 2),
(18, 4, 'Neutral', 3),
(19, 4, 'Not very accessible', 4),
(20, 4, 'Not at all accessible', 5),
(21, 5, 'Not at all defined', 1),
(22, 5, 'Poorly defined', 2),
(23, 5, 'Neutral', 3),
(24, 5, 'Somewhat clearly defined', 4),
(25, 5, 'Very clearly defined', 5),
(26, 6, 'Not at all defined', 1),
(27, 6, 'Poorly defined', 2),
(28, 6, 'Neutral', 3),
(29, 6, 'Somewhat clearly defined', 4),
(30, 6, 'Very clearly defined', 5),
(31, 7, 'Very trustworthy', 1),
(32, 7, 'Trustworthy', 2),
(33, 7, 'Neutral', 3),
(34, 7, 'Slightly trustworthy', 4),
(35, 7, 'Not trustworthy', 5),
(36, 8, 'Very trustworthy', 1),
(37, 8, 'Trustworthy', 2),
(38, 8, 'Neutral', 3),
(39, 8, 'Slightly trustworthy', 4),
(40, 8, 'Not trustworthy', 5),
(41, 9, 'Very frequently', 1),
(42, 9, 'Frequently', 2),
(43, 9, 'Occasionally', 3),
(44, 9, 'Rarely', 4),
(45, 9, 'Never', 5),
(46, 10, 'Very frequently', 1),
(47, 10, 'Frequently', 2),
(48, 10, 'Occasionally', 3),
(49, 10, 'Rarely', 4),
(50, 10, 'Never', 5),
(51, 11, 'Daily', 1),
(52, 11, 'Weekly', 2),
(53, 11, 'Biweekly', 3),
(54, 11, 'Monthly', 4),
(55, 11, 'Quarterly', 5),
(56, 12, 'Daily', 1),
(57, 12, 'Weekly', 2),
(58, 12, 'Biweekly', 3),
(59, 12, 'Monthly', 4),
(60, 12, 'Quarterly', 5),
(61, 13, 'Not at all well', 1),
(62, 13, 'Slightly well', 2),
(63, 13, 'Moderately well', 3),
(64, 13, 'Very well', 4),
(65, 13, 'Extremely well', 5),
(66, 14, 'Not at all well', 1),
(67, 14, 'Slightly well', 2),
(68, 14, 'Moderately well', 3),
(69, 14, 'Very well', 4),
(70, 14, 'Extremely well', 5),
(71, 15, 'No', 1),
(72, 15, 'Unlikely', 2),
(73, 15, 'Likely', 3),
(74, 15, 'Yes', 4),
(75, 15, 'I do not know', 5),
(76, 16, 'Extremely clear', 1),
(77, 16, 'Very clear', 2),
(78, 16, 'Moderately clear', 3),
(79, 16, 'Not very clear', 4),
(80, 16, 'Not at all clear', 5),
(81, 17, 'Extremely clear', 1),
(82, 17, 'Very clear', 2),
(83, 17, 'Moderately clear', 3),
(84, 17, 'Not very clear', 4),
(85, 17, 'Not at all clear', 5),
(86, 18, 'Extremely accessible', 1),
(87, 18, 'Very accessible', 2),
(88, 18, 'Moderately accessible', 3),
(89, 18, 'Not very accessible', 4),
(90, 18, 'Not at all accessible', 5),
(91, 19, 'Extremely accessible', 1),
(92, 19, 'Very accessible', 2),
(93, 19, 'Moderately accessible', 3),
(94, 19, 'Not very accessible', 4),
(95, 19, 'Not at all accessible', 5),
(96, 20, 'A great deal', 1),
(97, 20, 'A lot', 2),
(98, 20, 'A moderate amount', 3),
(99, 20, 'A little', 4),
(100, 20, 'Not at all', 5),
(101, 21, 'A great deal', 1),
(102, 21, 'A lot', 2),
(103, 21, 'A moderate amount', 3),
(104, 21, 'A little', 4),
(105, 21, 'Not at all', 5),
(106, 22, 'Extremely accurate', 1),
(107, 22, 'Very accurate', 2),
(108, 22, 'Moderately accurate', 3),
(109, 22, 'Slightly accurate', 4),
(110, 22, 'Not at all accurate', 5),
(111, 23, 'Extremely accurate', 1),
(112, 23, 'Very accurate', 2),
(113, 23, 'Moderately accurate', 3),
(114, 23, 'Slightly accurate', 4),
(115, 23, 'Not at all accurate', 5),
(116, 24, 'Never', 1),
(117, 24, 'Rarely', 2),
(118, 24, 'Occasionally', 3),
(119, 24, 'Frequently', 4),
(120, 24, 'Very frequently', 5),
(121, 25, 'Never', 1),
(122, 25, 'Rarely', 2),
(123, 25, 'Occasionally', 3),
(124, 25, 'Frequently', 4),
(125, 25, 'Very frequently', 5),
(126, 26, 'Extremely robust', 1),
(127, 26, 'Very robust', 2),
(128, 26, 'Moderately robust', 3),
(129, 26, 'Not very robust', 4),
(130, 26, 'Not at all robust', 5),
(131, 27, 'Extremely robust', 1),
(132, 27, 'Very robust', 2),
(133, 27, 'Moderately robust', 3),
(134, 27, 'Not very robust', 4),
(135, 27, 'Not at all robust', 5),
(136, 28, 'Very easy', 1),
(137, 28, 'Easy', 2),
(138, 28, 'Moderately easy', 3),
(139, 28, 'Difficult', 4),
(140, 28, 'Very difficult', 5),
(141, 29, 'Very easy', 1),
(142, 29, 'Easy', 2),
(143, 29, 'Moderately easy', 3),
(144, 29, 'Difficult', 4),
(145, 29, 'Very difficult', 5),
(146, 30, 'Very central', 1),
(147, 30, 'Central', 2),
(148, 30, 'Moderately central', 3),
(149, 30, 'Not very central', 4),
(150, 30, 'Not at all central', 5),
(151, 31, 'Very central', 1),
(152, 31, 'Central', 2),
(153, 31, 'Moderately central', 3),
(154, 31, 'Not very central', 4),
(155, 31, 'Not at all central', 5),
(156, 32, 'Extremely reliable', 1),
(157, 32, 'Very reliable', 2),
(158, 32, 'Moderately reliable', 3),
(159, 32, 'Not very reliable', 4),
(160, 32, 'Not at all reliable', 5),
(161, 33, 'Extremely reliable', 1),
(162, 33, 'Very reliable', 2),
(163, 33, 'Moderately reliable', 3),
(164, 33, 'Not very reliable', 4),
(165, 33, 'Not at all reliable', 5),
(166, 34, 'Not needed', 1),
(167, 34, 'Slightly needed', 2),
(168, 34, 'Moderately needed', 3),
(169, 34, 'Highly needed', 4),
(170, 34, 'Essential', 5),
(171, 35, 'Not available', 1),
(172, 35, 'Slightly available', 2),
(173, 35, 'Moderately available', 3),
(174, 35, 'Highly available', 4),
(175, 35, 'Fully available', 5),
(176, 36, 'Not at all', 1),
(177, 36, 'Slightly', 2),
(178, 36, 'Moderately', 3),
(179, 36, 'Largely', 4),
(180, 36, 'Fully', 5),
(181, 37, 'Not at all', 1),
(182, 37, 'Slightly', 2),
(183, 37, 'Moderately', 3),
(184, 37, 'Largely', 4),
(185, 37, 'Fully', 5),
(186, 38, 'Not important', 1),
(187, 38, 'Slightly important', 2),
(188, 38, 'Neutral', 3),
(189, 38, 'Important', 4),
(190, 38, 'Critical', 5),
(191, 39, 'Not reliable', 1),
(192, 39, 'Slightly reliable', 2),
(193, 39, 'Neutral', 3),
(194, 39, 'Reliable', 4),
(195, 39, 'Very reliable', 5),
(196, 40, 'Never', 1),
(197, 40, 'Rarely', 2),
(198, 40, 'Occasionally', 3),
(199, 40, 'Frequently', 4),
(200, 40, 'Very frequently', 5),
(201, 41, 'Never', 1),
(202, 41, 'Rarely', 2),
(203, 41, 'Occasionally', 3),
(204, 41, 'Frequently', 4),
(205, 41, 'Very frequently', 5),
(206, 42, 'Not expected', 1),
(207, 42, 'Unlikely', 2),
(208, 42, 'Unsure', 3),
(209, 42, 'Likely', 4),
(210, 42, 'Definitely', 5),
(211, 43, 'Not available', 1),
(212, 43, 'Unlikely', 2),
(213, 43, 'Unsure', 3),
(214, 43, 'Likely', 4),
(215, 43, 'Definitely', 5),
(216, 44, 'Not at all', 1),
(217, 44, 'Slightly', 2),
(218, 44, 'Moderately', 3),
(219, 44, 'Well', 4),
(220, 44, 'Very well', 5),
(221, 45, 'Not at all', 1),
(222, 45, 'Slightly', 2),
(223, 45, 'Moderately', 3),
(224, 45, 'Well', 4),
(225, 45, 'Very well', 5),
(226, 46, 'None', 1),
(227, 46, 'Minimal', 2),
(228, 46, 'Moderate', 3),
(229, 46, 'Significant', 4),
(230, 46, 'Extensive', 5),
(231, 47, 'None', 1),
(232, 47, 'Minimal', 2),
(233, 47, 'Moderate', 3),
(234, 47, 'Significant', 4),
(235, 47, 'Extensive', 5),
(236, 48, 'Not at all', 1),
(237, 48, 'Slightly', 2),
(238, 48, 'Moderately', 3),
(239, 48, 'Highly', 4),
(240, 48, 'Essential', 5),
(241, 49, 'Not at all', 1),
(242, 49, 'Slightly', 2),
(243, 49, 'Moderately', 3),
(244, 49, 'Highly', 4),
(245, 49, 'Essential', 5),
(246, 50, 'High information quality', 1),
(247, 50, 'Moderate information quality', 2),
(248, 50, 'Balanced information quality', 3),
(249, 50, 'Low information quality', 4),
(250, 50, 'Unknown', 5),
(251, 51, 'High information quality', 1),
(252, 51, 'Moderate information quality', 2),
(253, 51, 'Balanced information quality', 3),
(254, 51, 'Low information quality', 4),
(255, 51, 'Unknown', 5);

-- --------------------------------------------------------

--
-- Table structure for table `responses`
--

CREATE TABLE `responses` (
  `response_id` int(11) NOT NULL,
  `user_id` int(11) NOT NULL,
  `question_id` int(11) NOT NULL,
  `option_id` int(11) NOT NULL,
  `subject_id` int(11) NOT NULL,
  `subject_type` enum('person','software','hardware','analog') NOT NULL
) ENGINE=InnoDB DEFAULT CHARSET=utf8mb4 COLLATE=utf8mb4_general_ci;

--
-- Dumping data for table `responses`
--

INSERT INTO `responses` (`response_id`, `user_id`, `question_id`, `option_id`, `subject_id`, `subject_type`) VALUES
(1, 1, 1, 1, 3, 'person'),
(2, 1, 2, 6, 3, 'person'),
(3, 1, 3, 11, 3, 'person'),
(4, 1, 4, 18, 3, 'person'),
(5, 1, 5, 22, 3, 'person'),
(6, 1, 6, 28, 3, 'person'),
(7, 1, 7, 35, 3, 'person'),
(8, 1, 8, 38, 3, 'person'),
(9, 1, 9, 44, 3, 'person'),
(10, 1, 10, 49, 3, 'person'),
(11, 1, 11, 51, 3, 'person'),
(12, 1, 12, 56, 3, 'person'),
(13, 1, 13, 65, 3, 'person'),
(14, 1, 14, 68, 3, 'person'),
(15, 1, 15, 75, 3, 'person'),
(16, 1, 1, 2, 13, 'person'),
(17, 1, 2, 6, 13, 'person'),
(18, 1, 3, 12, 13, 'person'),
(19, 1, 4, 17, 13, 'person'),
(20, 1, 5, 24, 13, 'person'),
(21, 1, 6, 29, 13, 'person'),
(22, 1, 7, 35, 13, 'person'),
(23, 1, 8, 37, 13, 'person'),
(24, 1, 9, 41, 13, 'person'),
(25, 1, 10, 46, 13, 'person'),
(26, 1, 11, 51, 13, 'person'),
(27, 1, 12, 56, 13, 'person'),
(28, 1, 13, 65, 13, 'person'),
(29, 1, 14, 68, 13, 'person'),
(30, 1, 15, 75, 13, 'person'),
(31, 1, 1, 2, 4, 'person'),
(32, 1, 2, 6, 4, 'person'),
(33, 1, 3, 12, 4, 'person'),
(34, 1, 4, 17, 4, 'person'),
(35, 1, 5, 24, 4, 'person'),
(36, 1, 6, 27, 4, 'person'),
(37, 1, 7, 35, 4, 'person'),
(38, 1, 8, 38, 4, 'person'),
(39, 1, 9, 41, 4, 'person'),
(40, 1, 10, 48, 4, 'person'),
(41, 1, 11, 51, 4, 'person'),
(42, 1, 12, 57, 4, 'person'),
(43, 1, 13, 65, 4, 'person'),
(44, 1, 14, 68, 4, 'person'),
(45, 1, 15, 75, 4, 'person'),
(46, 1, 1, 2, 6, 'person'),
(47, 1, 2, 6, 6, 'person'),
(48, 1, 3, 12, 6, 'person'),
(49, 1, 4, 19, 6, 'person'),
(50, 1, 5, 21, 6, 'person'),
(51, 1, 6, 29, 6, 'person'),
(52, 1, 7, 35, 6, 'person'),
(53, 1, 8, 38, 6, 'person'),
(54, 1, 9, 41, 6, 'person'),
(55, 1, 10, 46, 6, 'person'),
(56, 1, 11, 51, 6, 'person'),
(57, 1, 12, 59, 6, 'person'),
(58, 1, 13, 65, 6, 'person'),
(59, 1, 14, 68, 6, 'person'),
(60, 1, 15, 75, 6, 'person'),
(61, 1, 1, 2, 9, 'person'),
(62, 1, 2, 7, 9, 'person'),
(63, 1, 3, 12, 9, 'person'),
(64, 1, 4, 17, 9, 'person'),
(65, 1, 5, 21, 9, 'person'),
(66, 1, 6, 26, 9, 'person'),
(67, 1, 7, 35, 9, 'person'),
(68, 1, 8, 40, 9, 'person'),
(69, 1, 9, 43, 9, 'person'),
(70, 1, 10, 46, 9, 'person'),
(71, 1, 11, 51, 9, 'person'),
(72, 1, 12, 57, 9, 'person'),
(73, 1, 13, 65, 9, 'person'),
(74, 1, 14, 68, 9, 'person'),
(75, 1, 15, 75, 9, 'person'),
(76, 1, 1, 1, 14, 'person'),
(77, 1, 2, 6, 14, 'person'),
(78, 1, 3, 11, 14, 'person'),
(79, 1, 4, 16, 14, 'person'),
(80, 1, 5, 22, 14, 'person'),
(81, 1, 6, 26, 14, 'person'),
(82, 1, 7, 32, 14, 'person'),
(83, 1, 8, 38, 14, 'person'),
(84, 1, 9, 45, 14, 'person'),
(85, 1, 10, 49, 14, 'person'),
(86, 1, 11, 51, 14, 'person'),
(87, 1, 12, 56, 14, 'person'),
(88, 1, 13, 61, 14, 'person'),
(89, 1, 14, 66, 14, 'person'),
(90, 1, 15, 75, 14, 'person'),
(91, 1, 1, 2, 12, 'person'),
(92, 1, 2, 7, 12, 'person'),
(93, 1, 3, 12, 12, 'person'),
(94, 1, 4, 17, 12, 'person'),
(95, 1, 5, 21, 12, 'person'),
(96, 1, 6, 26, 12, 'person'),
(97, 1, 7, 35, 12, 'person'),
(98, 1, 8, 39, 12, 'person'),
(99, 1, 9, 43, 12, 'person'),
(100, 1, 10, 46, 12, 'person'),
(101, 1, 11, 51, 12, 'person'),
(102, 1, 12, 57, 12, 'person'),
(103, 1, 13, 65, 12, 'person'),
(104, 1, 14, 68, 12, 'person'),
(105, 1, 15, 75, 12, 'person'),
(106, 14, 1, 2, 1, 'person'),
(107, 14, 2, 7, 1, 'person'),
(108, 14, 3, 12, 1, 'person'),
(109, 14, 4, 17, 1, 'person'),
(110, 14, 5, 22, 1, 'person'),
(111, 14, 6, 27, 1, 'person'),
(112, 14, 7, 32, 1, 'person'),
(113, 14, 8, 39, 1, 'person'),
(114, 14, 9, 42, 1, 'person'),
(115, 14, 10, 49, 1, 'person'),
(116, 14, 11, 52, 1, 'person'),
(117, 14, 12, 56, 1, 'person'),
(118, 14, 13, 61, 1, 'person'),
(119, 14, 14, 66, 1, 'person'),
(120, 14, 15, 74, 1, 'person'),
(121, 14, 1, 2, 13, 'person'),
(122, 14, 2, 7, 13, 'person'),
(123, 14, 3, 12, 13, 'person'),
(124, 14, 4, 17, 13, 'person'),
(125, 14, 5, 22, 13, 'person'),
(126, 14, 6, 27, 13, 'person'),
(127, 14, 7, 32, 13, 'person'),
(128, 14, 8, 38, 13, 'person'),
(129, 14, 9, 42, 13, 'person'),
(130, 14, 10, 49, 13, 'person'),
(131, 14, 11, 52, 13, 'person'),
(132, 14, 12, 57, 13, 'person'),
(133, 14, 13, 63, 13, 'person'),
(134, 14, 14, 68, 13, 'person'),
(135, 14, 15, 73, 13, 'person'),
(136, 14, 1, 2, 4, 'person'),
(137, 14, 2, 7, 4, 'person'),
(138, 14, 3, 12, 4, 'person'),
(139, 14, 4, 17, 4, 'person'),
(140, 14, 5, 22, 4, 'person'),
(141, 14, 6, 27, 4, 'person'),
(142, 14, 7, 32, 4, 'person'),
(143, 14, 8, 39, 4, 'person'),
(144, 14, 9, 42, 4, 'person'),
(145, 14, 10, 49, 4, 'person'),
(146, 14, 11, 52, 4, 'person'),
(147, 14, 12, 57, 4, 'person'),
(148, 14, 13, 62, 4, 'person'),
(149, 14, 14, 67, 4, 'person'),
(150, 14, 15, 73, 4, 'person'),
(151, 14, 1, 1, 6, 'person'),
(152, 14, 2, 6, 6, 'person'),
(153, 14, 3, 13, 6, 'person'),
(154, 14, 4, 18, 6, 'person'),
(155, 14, 5, 23, 6, 'person'),
(156, 14, 6, 27, 6, 'person'),
(157, 14, 7, 32, 6, 'person'),
(158, 14, 8, 38, 6, 'person'),
(159, 14, 9, 42, 6, 'person'),
(160, 14, 10, 49, 6, 'person'),
(161, 14, 11, 51, 6, 'person'),
(162, 14, 12, 56, 6, 'person'),
(163, 14, 13, 63, 6, 'person'),
(164, 14, 14, 68, 6, 'person'),
(165, 14, 15, 73, 6, 'person'),
(166, 14, 1, 3, 7, 'person'),
(167, 14, 2, 8, 7, 'person'),
(168, 14, 3, 12, 7, 'person'),
(169, 14, 4, 17, 7, 'person'),
(170, 14, 5, 22, 7, 'person'),
(171, 14, 6, 27, 7, 'person'),
(172, 14, 7, 32, 7, 'person'),
(173, 14, 8, 39, 7, 'person'),
(174, 14, 9, 42, 7, 'person'),
(175, 14, 10, 49, 7, 'person'),
(176, 14, 11, 53, 7, 'person'),
(177, 14, 12, 57, 7, 'person'),
(178, 14, 13, 62, 7, 'person'),
(179, 14, 14, 67, 7, 'person'),
(180, 14, 15, 73, 7, 'person'),
(181, 14, 1, 3, 9, 'person'),
(182, 14, 2, 8, 9, 'person'),
(183, 14, 3, 12, 9, 'person'),
(184, 14, 4, 17, 9, 'person'),
(185, 14, 5, 22, 9, 'person'),
(186, 14, 6, 27, 9, 'person'),
(187, 14, 7, 32, 9, 'person'),
(188, 14, 8, 39, 9, 'person'),
(189, 14, 9, 42, 9, 'person'),
(190, 14, 10, 49, 9, 'person'),
(191, 14, 11, 53, 9, 'person'),
(192, 14, 12, 57, 9, 'person'),
(193, 14, 13, 62, 9, 'person'),
(194, 14, 14, 67, 9, 'person'),
(195, 14, 15, 73, 9, 'person'),
(196, 14, 1, 2, 15, 'person'),
(197, 14, 2, 7, 15, 'person'),
(198, 14, 3, 12, 15, 'person'),
(199, 14, 4, 17, 15, 'person'),
(200, 14, 5, 22, 15, 'person'),
(201, 14, 6, 27, 15, 'person'),
(202, 14, 7, 32, 15, 'person'),
(203, 14, 8, 39, 15, 'person'),
(204, 14, 9, 42, 15, 'person'),
(205, 14, 10, 49, 15, 'person'),
(206, 14, 11, 52, 15, 'person'),
(207, 14, 12, 57, 15, 'person'),
(208, 14, 13, 62, 15, 'person'),
(209, 14, 14, 67, 15, 'person'),
(210, 14, 15, 73, 15, 'person'),
(211, 14, 1, 1, 12, 'person'),
(212, 14, 2, 6, 12, 'person'),
(213, 14, 3, 12, 12, 'person'),
(214, 14, 4, 17, 12, 'person'),
(215, 14, 5, 22, 12, 'person'),
(216, 14, 6, 27, 12, 'person'),
(217, 14, 7, 32, 12, 'person'),
(218, 14, 8, 39, 12, 'person'),
(219, 14, 9, 42, 12, 'person'),
(220, 14, 10, 49, 12, 'person'),
(221, 14, 11, 51, 12, 'person'),
(222, 14, 12, 56, 12, 'person'),
(223, 14, 13, 62, 12, 'person'),
(224, 14, 14, 67, 12, 'person'),
(225, 14, 15, 73, 12, 'person'),
(226, 2, 1, 2, 5, 'person'),
(227, 2, 2, 7, 5, 'person'),
(228, 2, 3, 13, 5, 'person'),
(229, 2, 4, 18, 5, 'person'),
(230, 2, 5, 22, 5, 'person'),
(231, 2, 6, 27, 5, 'person'),
(232, 2, 7, 33, 5, 'person'),
(233, 2, 8, 38, 5, 'person'),
(234, 2, 9, 43, 5, 'person'),
(235, 2, 10, 48, 5, 'person'),
(236, 2, 11, 52, 5, 'person'),
(237, 2, 12, 58, 5, 'person'),
(238, 2, 13, 62, 5, 'person'),
(239, 2, 14, 68, 5, 'person'),
(240, 2, 15, 72, 5, 'person'),
(241, 2, 1, 2, 6, 'person'),
(242, 2, 2, 7, 6, 'person'),
(243, 2, 3, 12, 6, 'person'),
(244, 2, 4, 17, 6, 'person'),
(245, 2, 5, 22, 6, 'person'),
(246, 2, 6, 26, 6, 'person'),
(247, 2, 7, 34, 6, 'person'),
(248, 2, 8, 38, 6, 'person'),
(249, 2, 9, 43, 6, 'person'),
(250, 2, 10, 48, 6, 'person'),
(251, 2, 11, 52, 6, 'person'),
(252, 2, 12, 58, 6, 'person'),
(253, 2, 13, 62, 6, 'person'),
(254, 2, 14, 68, 6, 'person'),
(255, 2, 15, 75, 6, 'person'),
(256, 2, 1, 2, 7, 'person'),
(257, 2, 2, 8, 7, 'person'),
(258, 2, 3, 12, 7, 'person'),
(259, 2, 4, 18, 7, 'person'),
(260, 2, 5, 23, 7, 'person'),
(261, 2, 6, 28, 7, 'person'),
(262, 2, 7, 33, 7, 'person'),
(263, 2, 8, 38, 7, 'person'),
(264, 2, 9, 43, 7, 'person'),
(265, 2, 10, 48, 7, 'person'),
(266, 2, 11, 53, 7, 'person'),
(267, 2, 12, 58, 7, 'person'),
(268, 2, 13, 63, 7, 'person'),
(269, 2, 14, 66, 7, 'person'),
(270, 2, 15, 73, 7, 'person'),
(271, 2, 1, 2, 8, 'person'),
(272, 2, 2, 8, 8, 'person'),
(273, 2, 3, 12, 8, 'person'),
(274, 2, 4, 18, 8, 'person'),
(275, 2, 5, 23, 8, 'person'),
(276, 2, 6, 28, 8, 'person'),
(277, 2, 7, 33, 8, 'person'),
(278, 2, 8, 38, 8, 'person'),
(279, 2, 9, 43, 8, 'person'),
(280, 2, 10, 48, 8, 'person'),
(281, 2, 11, 53, 8, 'person'),
(282, 2, 12, 58, 8, 'person'),
(283, 2, 13, 63, 8, 'person'),
(284, 2, 14, 68, 8, 'person'),
(285, 2, 15, 73, 8, 'person'),
(286, 2, 1, 2, 10, 'person'),
(287, 2, 2, 9, 10, 'person'),
(288, 2, 3, 12, 10, 'person'),
(289, 2, 4, 17, 10, 'person'),
(290, 2, 5, 23, 10, 'person'),
(291, 2, 6, 28, 10, 'person'),
(292, 2, 7, 33, 10, 'person'),
(293, 2, 8, 38, 10, 'person'),
(294, 2, 9, 43, 10, 'person'),
(295, 2, 10, 48, 10, 'person'),
(296, 2, 11, 53, 10, 'person'),
(297, 2, 12, 58, 10, 'person'),
(298, 2, 13, 63, 10, 'person'),
(299, 2, 14, 68, 10, 'person'),
(300, 2, 15, 75, 10, 'person'),
(301, 2, 1, 2, 11, 'person'),
(302, 2, 2, 7, 11, 'person'),
(303, 2, 3, 14, 11, 'person'),
(304, 2, 4, 19, 11, 'person'),
(305, 2, 5, 23, 11, 'person'),
(306, 2, 6, 28, 11, 'person'),
(307, 2, 7, 33, 11, 'person'),
(308, 2, 8, 38, 11, 'person'),
(309, 2, 9, 43, 11, 'person'),
(310, 2, 10, 48, 11, 'person'),
(311, 2, 11, 53, 11, 'person'),
(312, 2, 12, 58, 11, 'person'),
(313, 2, 13, 63, 11, 'person'),
(314, 2, 14, 68, 11, 'person'),
(315, 2, 15, 75, 11, 'person'),
(316, 15, 1, 2, 13, 'person'),
(317, 15, 2, 7, 13, 'person'),
(318, 15, 3, 11, 13, 'person'),
(319, 15, 4, 16, 13, 'person'),
(320, 15, 5, 22, 13, 'person'),
(321, 15, 6, 27, 13, 'person'),
(322, 15, 7, 32, 13, 'person'),
(323, 15, 8, 39, 13, 'person'),
(324, 15, 9, 44, 13, 'person'),
(325, 15, 10, 48, 13, 'person'),
(326, 15, 11, 55, 13, 'person'),
(327, 15, 12, 58, 13, 'person'),
(328, 15, 13, 65, 13, 'person'),
(329, 15, 14, 68, 13, 'person'),
(330, 15, 15, 75, 13, 'person'),
(331, 15, 1, 1, 6, 'person'),
(332, 15, 2, 6, 6, 'person'),
(333, 15, 3, 12, 6, 'person'),
(334, 15, 4, 17, 6, 'person'),
(335, 15, 5, 22, 6, 'person'),
(336, 15, 6, 27, 6, 'person'),
(337, 15, 7, 35, 6, 'person'),
(338, 15, 8, 39, 6, 'person'),
(339, 15, 9, 44, 6, 'person'),
(340, 15, 10, 50, 6, 'person'),
(341, 15, 11, 55, 6, 'person'),
(342, 15, 12, 58, 6, 'person'),
(343, 15, 13, 65, 6, 'person'),
(344, 15, 14, 68, 6, 'person'),
(345, 15, 15, 75, 6, 'person'),
(346, 15, 1, 1, 14, 'person'),
(347, 15, 2, 6, 14, 'person'),
(348, 15, 3, 11, 14, 'person'),
(349, 15, 4, 16, 14, 'person'),
(350, 15, 5, 22, 14, 'person'),
(351, 15, 6, 27, 14, 'person'),
(352, 15, 7, 32, 14, 'person'),
(353, 15, 8, 38, 14, 'person'),
(354, 15, 9, 44, 14, 'person'),
(355, 15, 10, 48, 14, 'person'),
(356, 15, 11, 55, 14, 'person'),
(357, 15, 12, 57, 14, 'person'),
(358, 15, 13, 63, 14, 'person'),
(359, 15, 14, 68, 14, 'person'),
(360, 15, 15, 75, 14, 'person'),
(361, 13, 1, 1, 1, 'person'),
(362, 13, 2, 6, 1, 'person'),
(363, 13, 3, 11, 1, 'person'),
(364, 13, 4, 16, 1, 'person'),
(365, 13, 5, 21, 1, 'person'),
(366, 13, 6, 26, 1, 'person'),
(367, 13, 7, 32, 1, 'person'),
(368, 13, 8, 40, 1, 'person'),
(369, 13, 9, 44, 1, 'person'),
(370, 13, 10, 48, 1, 'person'),
(371, 13, 11, 54, 1, 'person'),
(372, 13, 12, 56, 1, 'person'),
(373, 13, 13, 61, 1, 'person'),
(374, 13, 14, 66, 1, 'person'),
(375, 13, 15, 71, 1, 'person'),
(376, 13, 1, 1, 4, 'person'),
(377, 13, 2, 6, 4, 'person'),
(378, 13, 3, 11, 4, 'person'),
(379, 13, 4, 16, 4, 'person'),
(380, 13, 5, 22, 4, 'person'),
(381, 13, 6, 29, 4, 'person'),
(382, 13, 7, 34, 4, 'person'),
(383, 13, 8, 40, 4, 'person'),
(384, 13, 9, 43, 4, 'person'),
(385, 13, 10, 49, 4, 'person'),
(386, 13, 11, 54, 4, 'person'),
(387, 13, 12, 56, 4, 'person'),
(388, 13, 13, 63, 4, 'person'),
(389, 13, 14, 66, 4, 'person'),
(390, 13, 15, 71, 4, 'person'),
(391, 13, 1, 1, 6, 'person'),
(392, 13, 2, 6, 6, 'person'),
(393, 13, 3, 13, 6, 'person'),
(394, 13, 4, 18, 6, 'person'),
(395, 13, 5, 23, 6, 'person'),
(396, 13, 6, 28, 6, 'person'),
(397, 13, 7, 33, 6, 'person'),
(398, 13, 8, 40, 6, 'person'),
(399, 13, 9, 41, 6, 'person'),
(400, 13, 10, 46, 6, 'person'),
(401, 13, 11, 54, 6, 'person'),
(402, 13, 12, 56, 6, 'person'),
(403, 13, 13, 62, 6, 'person'),
(404, 13, 14, 67, 6, 'person'),
(405, 13, 15, 71, 6, 'person'),
(406, 13, 1, 1, 9, 'person'),
(407, 13, 2, 6, 9, 'person'),
(408, 13, 3, 11, 9, 'person'),
(409, 13, 4, 16, 9, 'person'),
(410, 13, 5, 21, 9, 'person'),
(411, 13, 6, 27, 9, 'person'),
(412, 13, 7, 32, 9, 'person'),
(413, 13, 8, 40, 9, 'person'),
(414, 13, 9, 41, 9, 'person'),
(415, 13, 10, 50, 9, 'person'),
(416, 13, 11, 51, 9, 'person'),
(417, 13, 12, 56, 9, 'person'),
(418, 13, 13, 61, 9, 'person'),
(419, 13, 14, 66, 9, 'person'),
(420, 13, 15, 71, 9, 'person'),
(421, 13, 1, 1, 15, 'person'),
(422, 13, 2, 6, 15, 'person'),
(423, 13, 3, 11, 15, 'person'),
(424, 13, 4, 17, 15, 'person'),
(425, 13, 5, 22, 15, 'person'),
(426, 13, 6, 27, 15, 'person'),
(427, 13, 7, 32, 15, 'person'),
(428, 13, 8, 40, 15, 'person'),
(429, 13, 9, 43, 15, 'person'),
(430, 13, 10, 49, 15, 'person'),
(431, 13, 11, 51, 15, 'person'),
(432, 13, 12, 56, 15, 'person'),
(433, 13, 13, 61, 15, 'person'),
(434, 13, 14, 67, 15, 'person'),
(435, 13, 15, 74, 15, 'person'),
(436, 13, 1, 1, 14, 'person'),
(437, 13, 2, 6, 14, 'person'),
(438, 13, 3, 11, 14, 'person'),
(439, 13, 4, 17, 14, 'person'),
(440, 13, 5, 22, 14, 'person'),
(441, 13, 6, 26, 14, 'person'),
(442, 13, 7, 33, 14, 'person'),
(443, 13, 8, 40, 14, 'person'),
(444, 13, 9, 41, 14, 'person'),
(445, 13, 10, 48, 14, 'person'),
(446, 13, 11, 54, 14, 'person'),
(447, 13, 12, 56, 14, 'person'),
(448, 13, 13, 61, 14, 'person'),
(449, 13, 14, 68, 14, 'person'),
(450, 13, 15, 74, 14, 'person'),
(451, 15, 16, 78, 4, 'software'),
(452, 15, 17, 84, 4, 'software'),
(453, 15, 18, 87, 4, 'software'),
(454, 15, 19, 93, 4, 'software'),
(455, 15, 20, 99, 4, 'software'),
(456, 15, 21, 103, 4, 'software'),
(457, 15, 22, 109, 4, 'software'),
(458, 15, 23, 113, 4, 'software'),
(459, 15, 24, 119, 4, 'software'),
(460, 15, 25, 124, 4, 'software'),
(461, 15, 26, 128, 4, 'software'),
(462, 15, 16, 80, 13, 'software'),
(463, 15, 17, 85, 13, 'software'),
(464, 15, 18, 87, 13, 'software'),
(465, 15, 19, 92, 13, 'software'),
(466, 15, 20, 99, 13, 'software'),
(467, 15, 21, 103, 13, 'software'),
(468, 15, 22, 109, 13, 'software'),
(469, 15, 23, 114, 13, 'software'),
(470, 15, 24, 117, 13, 'software'),
(471, 15, 25, 123, 13, 'software'),
(472, 15, 26, 128, 13, 'software'),
(473, 15, 16, 80, 14, 'software'),
(474, 15, 17, 85, 14, 'software'),
(475, 15, 18, 86, 14, 'software'),
(476, 15, 19, 91, 14, 'software'),
(477, 15, 20, 100, 14, 'software'),
(478, 15, 21, 103, 14, 'software'),
(479, 15, 22, 109, 14, 'software'),
(480, 15, 23, 114, 14, 'software'),
(481, 15, 24, 117, 14, 'software'),
(482, 15, 25, 123, 14, 'software'),
(483, 15, 26, 128, 14, 'software'),
(484, 15, 16, 80, 31, 'software'),
(485, 15, 17, 85, 31, 'software'),
(486, 15, 18, 86, 31, 'software'),
(487, 15, 19, 91, 31, 'software'),
(488, 15, 20, 100, 31, 'software'),
(489, 15, 21, 104, 31, 'software'),
(490, 15, 22, 109, 31, 'software'),
(491, 15, 23, 114, 31, 'software'),
(492, 15, 24, 117, 31, 'software'),
(493, 15, 25, 123, 31, 'software'),
(494, 15, 26, 128, 31, 'software'),
(495, 15, 16, 80, 1, 'software'),
(496, 15, 17, 85, 1, 'software'),
(497, 15, 18, 86, 1, 'software'),
(498, 15, 19, 92, 1, 'software'),
(499, 15, 20, 99, 1, 'software'),
(500, 15, 21, 104, 1, 'software'),
(501, 15, 22, 109, 1, 'software'),
(502, 15, 23, 114, 1, 'software'),
(503, 15, 24, 118, 1, 'software'),
(504, 15, 25, 123, 1, 'software'),
(505, 15, 26, 128, 1, 'software'),
(506, 15, 16, 78, 34, 'software'),
(507, 15, 17, 85, 34, 'software'),
(508, 15, 18, 87, 34, 'software'),
(509, 15, 19, 93, 34, 'software'),
(510, 15, 20, 99, 34, 'software'),
(511, 15, 21, 103, 34, 'software'),
(512, 15, 22, 109, 34, 'software'),
(513, 15, 23, 112, 34, 'software'),
(514, 15, 24, 118, 34, 'software'),
(515, 15, 25, 123, 34, 'software'),
(516, 15, 26, 127, 34, 'software'),
(517, 13, 16, 78, 13, 'software'),
(518, 13, 17, 84, 13, 'software'),
(519, 13, 18, 88, 13, 'software'),
(520, 13, 19, 93, 13, 'software'),
(521, 13, 20, 97, 13, 'software'),
(522, 13, 21, 103, 13, 'software'),
(523, 13, 22, 108, 13, 'software'),
(524, 13, 23, 113, 13, 'software'),
(525, 13, 24, 119, 13, 'software'),
(526, 13, 25, 121, 13, 'software'),
(527, 13, 26, 128, 13, 'software'),
(528, 13, 16, 79, 14, 'software'),
(529, 13, 17, 84, 14, 'software'),
(530, 13, 18, 86, 14, 'software'),
(531, 13, 19, 91, 14, 'software'),
(532, 13, 20, 99, 14, 'software'),
(533, 13, 21, 104, 14, 'software'),
(534, 13, 22, 109, 14, 'software'),
(535, 13, 23, 113, 14, 'software'),
(536, 13, 24, 119, 14, 'software'),
(537, 13, 25, 121, 14, 'software'),
(538, 13, 26, 129, 14, 'software'),
(539, 13, 16, 79, 1, 'software'),
(540, 13, 17, 83, 1, 'software'),
(541, 13, 18, 88, 1, 'software'),
(542, 13, 19, 93, 1, 'software'),
(543, 13, 20, 99, 1, 'software'),
(544, 13, 21, 103, 1, 'software'),
(545, 13, 22, 108, 1, 'software'),
(546, 13, 23, 113, 1, 'software'),
(547, 13, 24, 116, 1, 'software'),
(548, 13, 25, 121, 1, 'software'),
(549, 13, 26, 128, 1, 'software'),
(550, 12, 1, 2, 1, 'person'),
(551, 12, 2, 7, 1, 'person'),
(552, 12, 3, 11, 1, 'person'),
(553, 12, 4, 16, 1, 'person'),
(554, 12, 5, 23, 1, 'person'),
(555, 12, 6, 28, 1, 'person'),
(556, 12, 7, 31, 1, 'person'),
(557, 12, 8, 38, 1, 'person'),
(558, 12, 9, 43, 1, 'person'),
(559, 12, 10, 49, 1, 'person'),
(560, 12, 11, 53, 1, 'person'),
(561, 12, 12, 57, 1, 'person'),
(562, 12, 13, 63, 1, 'person'),
(563, 12, 14, 66, 1, 'person'),
(564, 12, 15, 73, 1, 'person'),
(565, 12, 1, 2, 2, 'person'),
(566, 12, 2, 7, 2, 'person'),
(567, 12, 3, 12, 2, 'person'),
(568, 12, 4, 17, 2, 'person'),
(569, 12, 5, 24, 2, 'person'),
(570, 12, 6, 28, 2, 'person'),
(571, 12, 7, 31, 2, 'person'),
(572, 12, 8, 38, 2, 'person'),
(573, 12, 9, 43, 2, 'person'),
(574, 12, 10, 48, 2, 'person'),
(575, 12, 11, 54, 2, 'person'),
(576, 12, 12, 57, 2, 'person'),
(577, 12, 13, 63, 2, 'person'),
(578, 12, 14, 66, 2, 'person'),
(579, 12, 15, 75, 2, 'person'),
(580, 12, 1, 2, 4, 'person'),
(581, 12, 2, 6, 4, 'person'),
(582, 12, 3, 11, 4, 'person'),
(583, 12, 4, 16, 4, 'person'),
(584, 12, 5, 24, 4, 'person'),
(585, 12, 6, 27, 4, 'person'),
(586, 12, 7, 33, 4, 'person'),
(587, 12, 8, 38, 4, 'person'),
(588, 12, 9, 42, 4, 'person'),
(589, 12, 10, 49, 4, 'person'),
(590, 12, 11, 54, 4, 'person'),
(591, 12, 12, 57, 4, 'person'),
(592, 12, 13, 63, 4, 'person'),
(593, 12, 14, 66, 4, 'person'),
(594, 12, 15, 75, 4, 'person'),
(595, 12, 1, 1, 6, 'person'),
(596, 12, 2, 6, 6, 'person'),
(597, 12, 3, 14, 6, 'person'),
(598, 12, 4, 18, 6, 'person'),
(599, 12, 5, 22, 6, 'person'),
(600, 12, 6, 28, 6, 'person'),
(601, 12, 7, 34, 6, 'person'),
(602, 12, 8, 38, 6, 'person'),
(603, 12, 9, 42, 6, 'person'),
(604, 12, 10, 49, 6, 'person'),
(605, 12, 11, 52, 6, 'person'),
(606, 12, 12, 57, 6, 'person'),
(607, 12, 13, 63, 6, 'person'),
(608, 12, 14, 66, 6, 'person'),
(609, 12, 15, 75, 6, 'person'),
(610, 12, 1, 1, 7, 'person'),
(611, 12, 2, 6, 7, 'person'),
(612, 12, 3, 13, 7, 'person'),
(613, 12, 4, 18, 7, 'person'),
(614, 12, 5, 23, 7, 'person'),
(615, 12, 6, 28, 7, 'person'),
(616, 12, 7, 33, 7, 'person'),
(617, 12, 8, 38, 7, 'person'),
(618, 12, 9, 42, 7, 'person'),
(619, 12, 10, 49, 7, 'person'),
(620, 12, 11, 52, 7, 'person'),
(621, 12, 12, 57, 7, 'person'),
(622, 12, 13, 63, 7, 'person'),
(623, 12, 14, 66, 7, 'person'),
(624, 12, 15, 73, 7, 'person'),
(625, 12, 1, 2, 8, 'person'),
(626, 12, 2, 6, 8, 'person'),
(627, 12, 3, 13, 8, 'person'),
(628, 12, 4, 18, 8, 'person'),
(629, 12, 5, 22, 8, 'person'),
(630, 12, 6, 27, 8, 'person'),
(631, 12, 7, 33, 8, 'person'),
(632, 12, 8, 38, 8, 'person'),
(633, 12, 9, 42, 8, 'person'),
(634, 12, 10, 49, 8, 'person'),
(635, 12, 11, 52, 8, 'person'),
(636, 12, 12, 57, 8, 'person'),
(637, 12, 13, 63, 8, 'person'),
(638, 12, 14, 66, 8, 'person'),
(639, 12, 15, 75, 8, 'person'),
(640, 12, 1, 1, 9, 'person'),
(641, 12, 2, 6, 9, 'person'),
(642, 12, 3, 12, 9, 'person'),
(643, 12, 4, 17, 9, 'person'),
(644, 12, 5, 22, 9, 'person'),
(645, 12, 6, 27, 9, 'person'),
(646, 12, 7, 33, 9, 'person'),
(647, 12, 8, 38, 9, 'person'),
(648, 12, 9, 42, 9, 'person'),
(649, 12, 10, 49, 9, 'person'),
(650, 12, 11, 52, 9, 'person'),
(651, 12, 12, 57, 9, 'person'),
(652, 12, 13, 63, 9, 'person'),
(653, 12, 14, 66, 9, 'person'),
(654, 12, 15, 73, 9, 'person'),
(655, 12, 1, 1, 15, 'person'),
(656, 12, 2, 6, 15, 'person'),
(657, 12, 3, 12, 15, 'person'),
(658, 12, 4, 17, 15, 'person'),
(659, 12, 5, 22, 15, 'person'),
(660, 12, 6, 27, 15, 'person'),
(661, 12, 7, 33, 15, 'person'),
(662, 12, 8, 38, 15, 'person'),
(663, 12, 9, 42, 15, 'person'),
(664, 12, 10, 49, 15, 'person'),
(665, 12, 11, 52, 15, 'person'),
(666, 12, 12, 57, 15, 'person'),
(667, 12, 13, 63, 15, 'person'),
(668, 12, 14, 66, 15, 'person'),
(669, 12, 15, 73, 15, 'person'),
(670, 12, 1, 1, 14, 'person'),
(671, 12, 2, 6, 14, 'person'),
(672, 12, 3, 12, 14, 'person'),
(673, 12, 4, 17, 14, 'person'),
(674, 12, 5, 22, 14, 'person'),
(675, 12, 6, 27, 14, 'person'),
(676, 12, 7, 33, 14, 'person'),
(677, 12, 8, 38, 14, 'person'),
(678, 12, 9, 42, 14, 'person'),
(679, 12, 10, 49, 14, 'person'),
(680, 12, 11, 52, 14, 'person'),
(681, 12, 12, 57, 14, 'person'),
(682, 12, 13, 63, 14, 'person'),
(683, 12, 14, 66, 14, 'person'),
(684, 12, 15, 73, 14, 'person'),
(685, 12, 1, 2, 10, 'person'),
(686, 12, 2, 6, 10, 'person'),
(687, 12, 3, 13, 10, 'person'),
(688, 12, 4, 18, 10, 'person'),
(689, 12, 5, 24, 10, 'person'),
(690, 12, 6, 27, 10, 'person'),
(691, 12, 7, 33, 10, 'person'),
(692, 12, 8, 38, 10, 'person'),
(693, 12, 9, 42, 10, 'person'),
(694, 12, 10, 49, 10, 'person'),
(695, 12, 11, 52, 10, 'person'),
(696, 12, 12, 57, 10, 'person'),
(697, 12, 13, 63, 10, 'person'),
(698, 12, 14, 66, 10, 'person'),
(699, 12, 15, 73, 10, 'person'),
(700, 12, 1, 1, 11, 'person'),
(701, 12, 2, 6, 11, 'person'),
(702, 12, 3, 12, 11, 'person'),
(703, 12, 4, 17, 11, 'person'),
(704, 12, 5, 22, 11, 'person'),
(705, 12, 6, 27, 11, 'person'),
(706, 12, 7, 33, 11, 'person'),
(707, 12, 8, 38, 11, 'person'),
(708, 12, 9, 42, 11, 'person'),
(709, 12, 10, 49, 11, 'person'),
(710, 12, 11, 52, 11, 'person'),
(711, 12, 12, 57, 11, 'person'),
(712, 12, 13, 63, 11, 'person'),
(713, 12, 14, 66, 11, 'person'),
(714, 12, 15, 73, 11, 'person'),
(715, 1, 16, 76, 66, 'software'),
(716, 1, 17, 83, 66, 'software'),
(717, 1, 18, 89, 66, 'software'),
(718, 1, 19, 94, 66, 'software'),
(719, 1, 20, 98, 66, 'software'),
(720, 1, 21, 104, 66, 'software'),
(721, 1, 22, 106, 66, 'software'),
(722, 1, 23, 112, 66, 'software'),
(723, 1, 24, 120, 66, 'software'),
(724, 1, 25, 125, 66, 'software'),
(725, 1, 26, 130, 66, 'software'),
(726, 1, 16, 79, 4, 'software'),
(727, 1, 17, 83, 4, 'software'),
(728, 1, 18, 87, 4, 'software'),
(729, 1, 19, 92, 4, 'software'),
(730, 1, 20, 99, 4, 'software'),
(731, 1, 21, 103, 4, 'software'),
(732, 1, 22, 109, 4, 'software'),
(733, 1, 23, 114, 4, 'software'),
(734, 1, 24, 120, 4, 'software'),
(735, 1, 25, 125, 4, 'software'),
(736, 1, 26, 128, 4, 'software'),
(737, 1, 16, 76, 13, 'software'),
(738, 1, 17, 85, 13, 'software'),
(739, 1, 18, 87, 13, 'software'),
(740, 1, 19, 94, 13, 'software'),
(741, 1, 20, 99, 13, 'software'),
(742, 1, 21, 102, 13, 'software'),
(743, 1, 22, 109, 13, 'software'),
(744, 1, 23, 115, 13, 'software'),
(745, 1, 24, 120, 13, 'software'),
(746, 1, 25, 125, 13, 'software'),
(747, 1, 26, 130, 13, 'software'),
(748, 1, 16, 76, 12, 'software'),
(749, 1, 17, 85, 12, 'software'),
(750, 1, 18, 87, 12, 'software'),
(751, 1, 19, 94, 12, 'software'),
(752, 1, 20, 99, 12, 'software'),
(753, 1, 21, 102, 12, 'software'),
(754, 1, 22, 109, 12, 'software'),
(755, 1, 23, 115, 12, 'software'),
(756, 1, 24, 120, 12, 'software'),
(757, 1, 25, 125, 12, 'software'),
(758, 1, 26, 130, 12, 'software'),
(759, 1, 16, 80, 5, 'software'),
(760, 1, 17, 82, 5, 'software'),
(761, 1, 18, 87, 5, 'software'),
(762, 1, 19, 94, 5, 'software'),
(763, 1, 20, 99, 5, 'software'),
(764, 1, 21, 103, 5, 'software'),
(765, 1, 22, 108, 5, 'software'),
(766, 1, 23, 112, 5, 'software'),
(767, 1, 24, 120, 5, 'software'),
(768, 1, 25, 125, 5, 'software'),
(769, 1, 26, 128, 5, 'software'),
(770, 1, 16, 76, 53, 'software'),
(771, 1, 17, 83, 53, 'software'),
(772, 1, 18, 87, 53, 'software'),
(773, 1, 19, 94, 53, 'software'),
(774, 1, 20, 99, 53, 'software'),
(775, 1, 21, 102, 53, 'software'),
(776, 1, 22, 109, 53, 'software'),
(777, 1, 23, 114, 53, 'software'),
(778, 1, 24, 120, 53, 'software'),
(779, 1, 25, 125, 53, 'software'),
(780, 1, 26, 130, 53, 'software'),
(781, 1, 16, 78, 7, 'software'),
(782, 1, 17, 83, 7, 'software'),
(783, 1, 18, 88, 7, 'software'),
(784, 1, 19, 93, 7, 'software'),
(785, 1, 20, 98, 7, 'software'),
(786, 1, 21, 103, 7, 'software'),
(787, 1, 22, 110, 7, 'software'),
(788, 1, 23, 115, 7, 'software'),
(789, 1, 24, 120, 7, 'software'),
(790, 1, 25, 125, 7, 'software'),
(791, 1, 26, 130, 7, 'software'),
(792, 1, 16, 79, 24, 'software'),
(793, 1, 17, 83, 24, 'software'),
(794, 1, 18, 88, 24, 'software'),
(795, 1, 19, 93, 24, 'software'),
(796, 1, 20, 98, 24, 'software'),
(797, 1, 21, 103, 24, 'software'),
(798, 1, 22, 107, 24, 'software'),
(799, 1, 23, 112, 24, 'software'),
(800, 1, 24, 120, 24, 'software'),
(801, 1, 25, 125, 24, 'software'),
(802, 1, 26, 127, 24, 'software'),
(803, 1, 16, 76, 14, 'software'),
(804, 1, 17, 82, 14, 'software'),
(805, 1, 18, 86, 14, 'software'),
(806, 1, 19, 91, 14, 'software'),
(807, 1, 20, 100, 14, 'software'),
(808, 1, 21, 105, 14, 'software'),
(809, 1, 22, 110, 14, 'software'),
(810, 1, 23, 115, 14, 'software'),
(811, 1, 24, 117, 14, 'software'),
(812, 1, 25, 125, 14, 'software'),
(813, 1, 26, 130, 14, 'software'),
(814, 1, 16, 76, 16, 'software'),
(815, 1, 17, 82, 16, 'software'),
(816, 1, 18, 86, 16, 'software'),
(817, 1, 19, 91, 16, 'software'),
(818, 1, 20, 100, 16, 'software'),
(819, 1, 21, 105, 16, 'software'),
(820, 1, 22, 110, 16, 'software'),
(821, 1, 23, 115, 16, 'software'),
(822, 1, 24, 117, 16, 'software'),
(823, 1, 25, 125, 16, 'software'),
(824, 1, 26, 130, 16, 'software'),
(825, 1, 16, 76, 2, 'software'),
(826, 1, 17, 83, 2, 'software'),
(827, 1, 18, 86, 2, 'software'),
(828, 1, 19, 91, 2, 'software'),
(829, 1, 20, 100, 2, 'software'),
(830, 1, 21, 105, 2, 'software'),
(831, 1, 22, 110, 2, 'software'),
(832, 1, 23, 115, 2, 'software'),
(833, 1, 24, 120, 2, 'software'),
(834, 1, 25, 125, 2, 'software'),
(835, 1, 26, 130, 2, 'software'),
(836, 1, 16, 78, 11, 'software'),
(837, 1, 17, 83, 11, 'software'),
(838, 1, 18, 89, 11, 'software'),
(839, 1, 19, 94, 11, 'software'),
(840, 1, 20, 100, 11, 'software'),
(841, 1, 21, 103, 11, 'software'),
(842, 1, 22, 110, 11, 'software'),
(843, 1, 23, 115, 11, 'software'),
(844, 1, 24, 120, 11, 'software'),
(845, 1, 25, 125, 11, 'software'),
(846, 1, 26, 130, 11, 'software'),
(847, 1, 16, 76, 3, 'software'),
(848, 1, 17, 83, 3, 'software'),
(849, 1, 18, 86, 3, 'software'),
(850, 1, 19, 92, 3, 'software'),
(851, 1, 20, 100, 3, 'software'),
(852, 1, 21, 105, 3, 'software'),
(853, 1, 22, 110, 3, 'software'),
(854, 1, 23, 114, 3, 'software'),
(855, 1, 24, 120, 3, 'software'),
(856, 1, 25, 125, 3, 'software'),
(857, 1, 26, 130, 3, 'software'),
(858, 1, 16, 78, 6, 'software'),
(859, 1, 17, 83, 6, 'software'),
(860, 1, 18, 88, 6, 'software'),
(861, 1, 19, 94, 6, 'software'),
(862, 1, 20, 98, 6, 'software'),
(863, 1, 21, 103, 6, 'software'),
(864, 1, 22, 106, 6, 'software'),
(865, 1, 23, 111, 6, 'software'),
(866, 1, 24, 120, 6, 'software'),
(867, 1, 25, 125, 6, 'software'),
(868, 1, 26, 130, 6, 'software'),
(869, 1, 16, 76, 1, 'software'),
(870, 1, 17, 85, 1, 'software'),
(871, 1, 18, 90, 1, 'software'),
(872, 1, 19, 95, 1, 'software'),
(873, 1, 20, 100, 1, 'software'),
(874, 1, 21, 101, 1, 'software'),
(875, 1, 22, 110, 1, 'software'),
(876, 1, 23, 115, 1, 'software'),
(877, 1, 24, 120, 1, 'software'),
(878, 1, 25, 125, 1, 'software'),
(879, 1, 26, 130, 1, 'software'),
(880, 1, 16, 79, 34, 'software'),
(881, 1, 17, 82, 34, 'software'),
(882, 1, 18, 89, 34, 'software'),
(883, 1, 19, 92, 34, 'software'),
(884, 1, 20, 100, 34, 'software'),
(885, 1, 21, 105, 34, 'software'),
(886, 1, 22, 109, 34, 'software'),
(887, 1, 23, 114, 34, 'software'),
(888, 1, 24, 120, 34, 'software'),
(889, 1, 25, 125, 34, 'software'),
(890, 1, 26, 130, 34, 'software'),
(891, 1, 27, 133, 70, 'hardware'),
(892, 1, 28, 139, 70, 'hardware'),
(893, 1, 29, 143, 70, 'hardware'),
(894, 1, 30, 148, 70, 'hardware'),
(895, 1, 31, 153, 70, 'hardware'),
(896, 1, 32, 158, 70, 'hardware'),
(897, 1, 33, 164, 70, 'hardware'),
(898, 1, 34, 169, 70, 'hardware'),
(899, 1, 35, 175, 70, 'hardware'),
(900, 1, 36, 180, 70, 'hardware'),
(901, 1, 37, 185, 70, 'hardware'),
(902, 1, 38, 189, 70, 'hardware'),
(903, 1, 39, 194, 70, 'hardware'),
(904, 1, 40, 198, 70, 'hardware'),
(905, 1, 41, 203, 70, 'hardware'),
(906, 1, 42, 207, 70, 'hardware'),
(907, 1, 43, 212, 70, 'hardware'),
(908, 1, 27, 133, 64, 'hardware'),
(909, 1, 28, 139, 64, 'hardware'),
(910, 1, 29, 143, 64, 'hardware'),
(911, 1, 30, 148, 64, 'hardware'),
(912, 1, 31, 153, 64, 'hardware'),
(913, 1, 32, 158, 64, 'hardware'),
(914, 1, 33, 164, 64, 'hardware'),
(915, 1, 34, 169, 64, 'hardware'),
(916, 1, 35, 175, 64, 'hardware'),
(917, 1, 36, 180, 64, 'hardware'),
(918, 1, 37, 185, 64, 'hardware'),
(919, 1, 38, 189, 64, 'hardware'),
(920, 1, 39, 194, 64, 'hardware'),
(921, 1, 40, 198, 64, 'hardware'),
(922, 1, 41, 203, 64, 'hardware'),
(923, 1, 42, 206, 64, 'hardware'),
(924, 1, 43, 211, 64, 'hardware'),
(925, 1, 27, 133, 67, 'hardware'),
(926, 1, 28, 139, 67, 'hardware'),
(927, 1, 29, 143, 67, 'hardware'),
(928, 1, 30, 148, 67, 'hardware'),
(929, 1, 31, 153, 67, 'hardware'),
(930, 1, 32, 158, 67, 'hardware'),
(931, 1, 33, 164, 67, 'hardware'),
(932, 1, 34, 169, 67, 'hardware'),
(933, 1, 35, 175, 67, 'hardware'),
(934, 1, 36, 180, 67, 'hardware'),
(935, 1, 37, 185, 67, 'hardware'),
(936, 1, 38, 189, 67, 'hardware'),
(937, 1, 39, 194, 67, 'hardware'),
(938, 1, 40, 198, 67, 'hardware'),
(939, 1, 41, 203, 67, 'hardware'),
(940, 1, 42, 208, 67, 'hardware'),
(941, 1, 43, 213, 67, 'hardware'),
(942, 2, 16, 77, 18, 'software'),
(943, 2, 17, 85, 18, 'software'),
(944, 2, 18, 88, 18, 'software'),
(945, 2, 19, 93, 18, 'software'),
(946, 2, 20, 98, 18, 'software'),
(947, 2, 21, 103, 18, 'software'),
(948, 2, 22, 109, 18, 'software'),
(949, 2, 23, 113, 18, 'software'),
(950, 2, 24, 119, 18, 'software'),
(951, 2, 25, 124, 18, 'software'),
(952, 2, 26, 129, 18, 'software'),
(953, 2, 16, 79, 43, 'software'),
(954, 2, 17, 85, 43, 'software'),
(955, 2, 18, 87, 43, 'software'),
(956, 2, 19, 93, 43, 'software'),
(957, 2, 20, 99, 43, 'software'),
(958, 2, 21, 103, 43, 'software'),
(959, 2, 22, 109, 43, 'software'),
(960, 2, 23, 113, 43, 'software'),
(961, 2, 24, 119, 43, 'software'),
(962, 2, 25, 124, 43, 'software'),
(963, 2, 26, 129, 43, 'software'),
(964, 2, 16, 78, 13, 'software'),
(965, 2, 17, 85, 13, 'software'),
(966, 2, 18, 88, 13, 'software'),
(967, 2, 19, 92, 13, 'software'),
(968, 2, 20, 98, 13, 'software'),
(969, 2, 21, 103, 13, 'software'),
(970, 2, 22, 108, 13, 'software'),
(971, 2, 23, 114, 13, 'software'),
(972, 2, 24, 119, 13, 'software'),
(973, 2, 25, 124, 13, 'software'),
(974, 2, 26, 129, 13, 'software'),
(975, 2, 16, 78, 17, 'software'),
(976, 2, 17, 83, 17, 'software'),
(977, 2, 18, 88, 17, 'software'),
(978, 2, 19, 93, 17, 'software'),
(979, 2, 20, 98, 17, 'software'),
(980, 2, 21, 103, 17, 'software'),
(981, 2, 22, 108, 17, 'software'),
(982, 2, 23, 113, 17, 'software'),
(983, 2, 24, 118, 17, 'software'),
(984, 2, 25, 124, 17, 'software'),
(985, 2, 26, 130, 17, 'software'),
(986, 2, 16, 79, 14, 'software'),
(987, 2, 17, 85, 14, 'software'),
(988, 2, 18, 86, 14, 'software'),
(989, 2, 19, 91, 14, 'software'),
(990, 2, 20, 99, 14, 'software'),
(991, 2, 21, 103, 14, 'software'),
(992, 2, 22, 108, 14, 'software'),
(993, 2, 23, 113, 14, 'software'),
(994, 2, 24, 118, 14, 'software'),
(995, 2, 25, 124, 14, 'software'),
(996, 2, 26, 129, 14, 'software'),
(997, 2, 16, 80, 16, 'software'),
(998, 2, 17, 85, 16, 'software'),
(999, 2, 18, 86, 16, 'software'),
(1000, 2, 19, 92, 16, 'software'),
(1001, 2, 20, 99, 16, 'software'),
(1002, 2, 21, 103, 16, 'software'),
(1003, 2, 22, 108, 16, 'software'),
(1004, 2, 23, 113, 16, 'software'),
(1005, 2, 24, 119, 16, 'software'),
(1006, 2, 25, 123, 16, 'software'),
(1007, 2, 26, 129, 16, 'software'),
(1008, 2, 16, 80, 2, 'software'),
(1009, 2, 17, 85, 2, 'software'),
(1010, 2, 18, 86, 2, 'software'),
(1011, 2, 19, 92, 2, 'software'),
(1012, 2, 20, 99, 2, 'software'),
(1013, 2, 21, 103, 2, 'software'),
(1014, 2, 22, 108, 2, 'software'),
(1015, 2, 23, 113, 2, 'software'),
(1016, 2, 24, 118, 2, 'software'),
(1017, 2, 25, 123, 2, 'software'),
(1018, 2, 26, 129, 2, 'software'),
(1019, 2, 16, 79, 28, 'software'),
(1020, 2, 17, 84, 28, 'software'),
(1021, 2, 18, 86, 28, 'software'),
(1022, 2, 19, 93, 28, 'software'),
(1023, 2, 20, 99, 28, 'software'),
(1024, 2, 21, 103, 28, 'software'),
(1025, 2, 22, 108, 28, 'software'),
(1026, 2, 23, 113, 28, 'software'),
(1027, 2, 24, 119, 28, 'software'),
(1028, 2, 25, 123, 28, 'software'),
(1029, 2, 26, 129, 28, 'software'),
(1030, 2, 16, 79, 15, 'software'),
(1031, 2, 17, 84, 15, 'software'),
(1032, 2, 18, 86, 15, 'software'),
(1033, 2, 19, 92, 15, 'software'),
(1034, 2, 20, 99, 15, 'software'),
(1035, 2, 21, 103, 15, 'software'),
(1036, 2, 22, 108, 15, 'software'),
(1037, 2, 23, 113, 15, 'software'),
(1038, 2, 24, 119, 15, 'software'),
(1039, 2, 25, 123, 15, 'software'),
(1040, 2, 26, 130, 15, 'software'),
(1041, 2, 16, 79, 44, 'software'),
(1042, 2, 17, 83, 44, 'software'),
(1043, 2, 18, 86, 44, 'software'),
(1044, 2, 19, 92, 44, 'software'),
(1045, 2, 20, 99, 44, 'software'),
(1046, 2, 21, 103, 44, 'software'),
(1047, 2, 22, 108, 44, 'software'),
(1048, 2, 23, 114, 44, 'software'),
(1049, 2, 24, 119, 44, 'software'),
(1050, 2, 25, 123, 44, 'software'),
(1051, 2, 26, 130, 44, 'software'),
(1052, 2, 16, 79, 3, 'software'),
(1053, 2, 17, 83, 3, 'software'),
(1054, 2, 18, 86, 3, 'software'),
(1055, 2, 19, 92, 3, 'software'),
(1056, 2, 20, 100, 3, 'software'),
(1057, 2, 21, 103, 3, 'software'),
(1058, 2, 22, 108, 3, 'software'),
(1059, 2, 23, 113, 3, 'software'),
(1060, 2, 24, 117, 3, 'software'),
(1061, 2, 25, 123, 3, 'software'),
(1062, 2, 26, 130, 3, 'software'),
(1063, 2, 16, 79, 26, 'software'),
(1064, 2, 17, 83, 26, 'software'),
(1065, 2, 18, 88, 26, 'software'),
(1066, 2, 19, 93, 26, 'software'),
(1067, 2, 20, 98, 26, 'software'),
(1068, 2, 21, 103, 26, 'software'),
(1069, 2, 22, 107, 26, 'software'),
(1070, 2, 23, 113, 26, 'software'),
(1071, 2, 24, 118, 26, 'software'),
(1072, 2, 25, 123, 26, 'software'),
(1073, 2, 26, 128, 26, 'software'),
(1074, 2, 16, 79, 25, 'software'),
(1075, 2, 17, 84, 25, 'software'),
(1076, 2, 18, 86, 25, 'software'),
(1077, 2, 19, 93, 25, 'software'),
(1078, 2, 20, 99, 25, 'software'),
(1079, 2, 21, 103, 25, 'software'),
(1080, 2, 22, 108, 25, 'software'),
(1081, 2, 23, 114, 25, 'software'),
(1082, 2, 24, 118, 25, 'software'),
(1083, 2, 25, 123, 25, 'software'),
(1084, 2, 26, 130, 25, 'software'),
(1085, 2, 16, 79, 45, 'software'),
(1086, 2, 17, 83, 45, 'software'),
(1087, 2, 18, 86, 45, 'software'),
(1088, 2, 19, 93, 45, 'software'),
(1089, 2, 20, 99, 45, 'software'),
(1090, 2, 21, 103, 45, 'software'),
(1091, 2, 22, 108, 45, 'software'),
(1092, 2, 23, 113, 45, 'software'),
(1093, 2, 24, 118, 45, 'software'),
(1094, 2, 25, 123, 45, 'software'),
(1095, 2, 26, 130, 45, 'software'),
(1096, 2, 16, 79, 6, 'software'),
(1097, 2, 17, 84, 6, 'software'),
(1098, 2, 18, 88, 6, 'software'),
(1099, 2, 19, 93, 6, 'software'),
(1100, 2, 20, 99, 6, 'software'),
(1101, 2, 21, 103, 6, 'software'),
(1102, 2, 22, 109, 6, 'software'),
(1103, 2, 23, 113, 6, 'software'),
(1104, 2, 24, 117, 6, 'software'),
(1105, 2, 25, 123, 6, 'software'),
(1106, 2, 26, 129, 6, 'software'),
(1107, 2, 16, 79, 37, 'software'),
(1108, 2, 17, 85, 37, 'software'),
(1109, 2, 18, 88, 37, 'software'),
(1110, 2, 19, 93, 37, 'software'),
(1111, 2, 20, 98, 37, 'software'),
(1112, 2, 21, 103, 37, 'software'),
(1113, 2, 22, 108, 37, 'software'),
(1114, 2, 23, 113, 37, 'software'),
(1115, 2, 24, 117, 37, 'software'),
(1116, 2, 25, 123, 37, 'software'),
(1117, 2, 26, 130, 37, 'software'),
(1118, 2, 16, 79, 1, 'software'),
(1119, 2, 17, 84, 1, 'software'),
(1120, 2, 18, 87, 1, 'software'),
(1121, 2, 19, 93, 1, 'software'),
(1122, 2, 20, 99, 1, 'software'),
(1123, 2, 21, 103, 1, 'software'),
(1124, 2, 22, 109, 1, 'software'),
(1125, 2, 23, 114, 1, 'software'),
(1126, 2, 24, 118, 1, 'software'),
(1127, 2, 25, 123, 1, 'software'),
(1128, 2, 26, 130, 1, 'software'),
(1129, 14, 16, 77, 40, 'software'),
(1130, 14, 17, 83, 40, 'software'),
(1131, 14, 18, 88, 40, 'software'),
(1132, 14, 19, 94, 40, 'software'),
(1133, 14, 20, 98, 40, 'software'),
(1134, 14, 21, 103, 40, 'software'),
(1135, 14, 22, 108, 40, 'software'),
(1136, 14, 23, 114, 40, 'software'),
(1137, 14, 24, 119, 40, 'software'),
(1138, 14, 25, 124, 40, 'software'),
(1139, 14, 26, 130, 40, 'software'),
(1140, 14, 16, 77, 41, 'software'),
(1141, 14, 17, 83, 41, 'software'),
(1142, 14, 18, 88, 41, 'software'),
(1143, 14, 19, 94, 41, 'software'),
(1144, 14, 20, 98, 41, 'software'),
(1145, 14, 21, 103, 41, 'software'),
(1146, 14, 22, 108, 41, 'software'),
(1147, 14, 23, 114, 41, 'software'),
(1148, 14, 24, 119, 41, 'software'),
(1149, 14, 25, 124, 41, 'software'),
(1150, 14, 26, 130, 41, 'software'),
(1151, 14, 16, 79, 4, 'software'),
(1152, 14, 17, 84, 4, 'software'),
(1153, 14, 18, 86, 4, 'software'),
(1154, 14, 19, 91, 4, 'software'),
(1155, 14, 20, 100, 4, 'software'),
(1156, 14, 21, 105, 4, 'software'),
(1157, 14, 22, 110, 4, 'software'),
(1158, 14, 23, 115, 4, 'software'),
(1159, 14, 24, 117, 4, 'software'),
(1160, 14, 25, 121, 4, 'software'),
(1161, 14, 26, 130, 4, 'software'),
(1162, 14, 16, 79, 13, 'software'),
(1163, 14, 17, 84, 13, 'software'),
(1164, 14, 18, 86, 13, 'software'),
(1165, 14, 19, 91, 13, 'software'),
(1166, 14, 20, 100, 13, 'software'),
(1167, 14, 21, 105, 13, 'software'),
(1168, 14, 22, 110, 13, 'software'),
(1169, 14, 23, 115, 13, 'software'),
(1170, 14, 24, 117, 13, 'software'),
(1171, 14, 25, 121, 13, 'software'),
(1172, 14, 26, 130, 13, 'software'),
(1173, 14, 16, 79, 5, 'software'),
(1174, 14, 17, 83, 5, 'software'),
(1175, 14, 18, 86, 5, 'software'),
(1176, 14, 19, 91, 5, 'software'),
(1177, 14, 20, 100, 5, 'software'),
(1178, 14, 21, 105, 5, 'software'),
(1179, 14, 22, 110, 5, 'software'),
(1180, 14, 23, 115, 5, 'software'),
(1181, 14, 24, 116, 5, 'software'),
(1182, 14, 25, 121, 5, 'software'),
(1183, 14, 26, 130, 5, 'software'),
(1184, 14, 16, 79, 53, 'software'),
(1185, 14, 17, 84, 53, 'software'),
(1186, 14, 18, 87, 53, 'software'),
(1187, 14, 19, 92, 53, 'software'),
(1188, 14, 20, 99, 53, 'software'),
(1189, 14, 21, 104, 53, 'software'),
(1190, 14, 22, 109, 53, 'software'),
(1191, 14, 23, 115, 53, 'software'),
(1192, 14, 24, 117, 53, 'software'),
(1193, 14, 25, 121, 53, 'software'),
(1194, 14, 26, 130, 53, 'software'),
(1195, 14, 16, 79, 52, 'software'),
(1196, 14, 17, 83, 52, 'software'),
(1197, 14, 18, 87, 52, 'software'),
(1198, 14, 19, 92, 52, 'software'),
(1199, 14, 20, 100, 52, 'software'),
(1200, 14, 21, 105, 52, 'software'),
(1201, 14, 22, 110, 52, 'software'),
(1202, 14, 23, 115, 52, 'software'),
(1203, 14, 24, 116, 52, 'software'),
(1204, 14, 25, 121, 52, 'software'),
(1205, 14, 26, 130, 52, 'software'),
(1206, 14, 16, 79, 16, 'software'),
(1207, 14, 17, 84, 16, 'software'),
(1208, 14, 18, 87, 16, 'software'),
(1209, 14, 19, 92, 16, 'software'),
(1210, 14, 20, 99, 16, 'software'),
(1211, 14, 21, 104, 16, 'software'),
(1212, 14, 22, 109, 16, 'software'),
(1213, 14, 23, 114, 16, 'software'),
(1214, 14, 24, 117, 16, 'software'),
(1215, 14, 25, 124, 16, 'software'),
(1216, 14, 26, 130, 16, 'software'),
(1217, 14, 16, 79, 2, 'software'),
(1218, 14, 17, 84, 2, 'software'),
(1219, 14, 18, 87, 2, 'software'),
(1220, 14, 19, 92, 2, 'software'),
(1221, 14, 20, 99, 2, 'software'),
(1222, 14, 21, 104, 2, 'software'),
(1223, 14, 22, 109, 2, 'software'),
(1224, 14, 23, 114, 2, 'software'),
(1225, 14, 24, 117, 2, 'software'),
(1226, 14, 25, 124, 2, 'software'),
(1227, 14, 26, 130, 2, 'software'),
(1228, 14, 16, 78, 29, 'software'),
(1229, 14, 17, 84, 29, 'software'),
(1230, 14, 18, 87, 29, 'software'),
(1231, 14, 19, 93, 29, 'software'),
(1232, 14, 20, 99, 29, 'software'),
(1233, 14, 21, 103, 29, 'software'),
(1234, 14, 22, 109, 29, 'software'),
(1235, 14, 23, 113, 29, 'software'),
(1236, 14, 24, 119, 29, 'software'),
(1237, 14, 25, 124, 29, 'software'),
(1238, 14, 26, 130, 29, 'software'),
(1239, 14, 16, 77, 28, 'software'),
(1240, 14, 17, 83, 28, 'software'),
(1241, 14, 18, 88, 28, 'software'),
(1242, 14, 19, 94, 28, 'software'),
(1243, 14, 20, 98, 28, 'software'),
(1244, 14, 21, 103, 28, 'software'),
(1245, 14, 22, 108, 28, 'software'),
(1246, 14, 23, 114, 28, 'software'),
(1247, 14, 24, 118, 28, 'software'),
(1248, 14, 25, 124, 28, 'software'),
(1249, 14, 26, 130, 28, 'software'),
(1250, 14, 16, 78, 3, 'software'),
(1251, 14, 17, 84, 3, 'software'),
(1252, 14, 18, 87, 3, 'software'),
(1253, 14, 19, 92, 3, 'software'),
(1254, 14, 20, 99, 3, 'software'),
(1255, 14, 21, 104, 3, 'software'),
(1256, 14, 22, 109, 3, 'software'),
(1257, 14, 23, 114, 3, 'software'),
(1258, 14, 24, 117, 3, 'software'),
(1259, 14, 25, 124, 3, 'software'),
(1260, 14, 26, 130, 3, 'software'),
(1261, 14, 16, 78, 1, 'software'),
(1262, 14, 17, 84, 1, 'software'),
(1263, 14, 18, 87, 1, 'software'),
(1264, 14, 19, 92, 1, 'software'),
(1265, 14, 20, 99, 1, 'software'),
(1266, 14, 21, 104, 1, 'software'),
(1267, 14, 22, 109, 1, 'software'),
(1268, 14, 23, 115, 1, 'software'),
(1269, 14, 24, 116, 1, 'software'),
(1270, 14, 25, 121, 1, 'software'),
(1271, 14, 26, 130, 1, 'software'),
(1272, 7, 1, 3, 3, 'person'),
(1273, 7, 2, 6, 3, 'person'),
(1274, 7, 3, 11, 3, 'person'),
(1275, 7, 4, 17, 3, 'person'),
(1276, 7, 5, 23, 3, 'person'),
(1277, 7, 6, 28, 3, 'person'),
(1278, 7, 7, 33, 3, 'person'),
(1279, 7, 8, 37, 3, 'person'),
(1280, 7, 9, 42, 3, 'person'),
(1281, 7, 10, 49, 3, 'person'),
(1282, 7, 11, 52, 3, 'person'),
(1283, 7, 12, 59, 3, 'person'),
(1284, 7, 13, 61, 3, 'person'),
(1285, 7, 14, 66, 3, 'person'),
(1286, 7, 15, 74, 3, 'person'),
(1287, 7, 1, 3, 1, 'person'),
(1288, 7, 2, 6, 1, 'person'),
(1289, 7, 3, 11, 1, 'person'),
(1290, 7, 4, 16, 1, 'person'),
(1291, 7, 5, 22, 1, 'person'),
(1292, 7, 6, 27, 1, 'person'),
(1293, 7, 7, 33, 1, 'person'),
(1294, 7, 8, 38, 1, 'person'),
(1295, 7, 9, 42, 1, 'person'),
(1296, 7, 10, 50, 1, 'person'),
(1297, 7, 11, 54, 1, 'person'),
(1298, 7, 12, 59, 1, 'person'),
(1299, 7, 13, 61, 1, 'person'),
(1300, 7, 14, 66, 1, 'person'),
(1301, 7, 15, 74, 1, 'person'),
(1302, 7, 1, 3, 2, 'person'),
(1303, 7, 2, 6, 2, 'person'),
(1304, 7, 3, 13, 2, 'person'),
(1305, 7, 4, 18, 2, 'person'),
(1306, 7, 5, 24, 2, 'person'),
(1307, 7, 6, 28, 2, 'person'),
(1308, 7, 7, 33, 2, 'person'),
(1309, 7, 8, 38, 2, 'person'),
(1310, 7, 9, 42, 2, 'person'),
(1311, 7, 10, 49, 2, 'person'),
(1312, 7, 11, 52, 2, 'person'),
(1313, 7, 12, 59, 2, 'person'),
(1314, 7, 13, 61, 2, 'person'),
(1315, 7, 14, 66, 2, 'person'),
(1316, 7, 15, 74, 2, 'person'),
(1317, 7, 1, 1, 4, 'person'),
(1318, 7, 2, 6, 4, 'person'),
(1319, 7, 3, 11, 4, 'person'),
(1320, 7, 4, 16, 4, 'person'),
(1321, 7, 5, 22, 4, 'person'),
(1322, 7, 6, 27, 4, 'person'),
(1323, 7, 7, 34, 4, 'person'),
(1324, 7, 8, 39, 4, 'person'),
(1325, 7, 9, 43, 4, 'person'),
(1326, 7, 10, 50, 4, 'person'),
(1327, 7, 11, 52, 4, 'person'),
(1328, 7, 12, 59, 4, 'person'),
(1329, 7, 13, 61, 4, 'person'),
(1330, 7, 14, 66, 4, 'person'),
(1331, 7, 15, 74, 4, 'person'),
(1332, 7, 1, 1, 5, 'person'),
(1333, 7, 2, 6, 5, 'person'),
(1334, 7, 3, 11, 5, 'person'),
(1335, 7, 4, 16, 5, 'person'),
(1336, 7, 5, 22, 5, 'person'),
(1337, 7, 6, 27, 5, 'person'),
(1338, 7, 7, 33, 5, 'person'),
(1339, 7, 8, 39, 5, 'person'),
(1340, 7, 9, 43, 5, 'person'),
(1341, 7, 10, 50, 5, 'person'),
(1342, 7, 11, 53, 5, 'person'),
(1343, 7, 12, 59, 5, 'person'),
(1344, 7, 13, 61, 5, 'person'),
(1345, 7, 14, 66, 5, 'person'),
(1346, 7, 15, 74, 5, 'person'),
(1347, 7, 1, 3, 6, 'person'),
(1348, 7, 2, 6, 6, 'person'),
(1349, 7, 3, 12, 6, 'person'),
(1350, 7, 4, 18, 6, 'person'),
(1351, 7, 5, 23, 6, 'person'),
(1352, 7, 6, 28, 6, 'person'),
(1353, 7, 7, 33, 6, 'person'),
(1354, 7, 8, 37, 6, 'person'),
(1355, 7, 9, 43, 6, 'person'),
(1356, 7, 10, 50, 6, 'person'),
(1357, 7, 11, 53, 6, 'person'),
(1358, 7, 12, 59, 6, 'person'),
(1359, 7, 13, 61, 6, 'person'),
(1360, 7, 14, 66, 6, 'person'),
(1361, 7, 15, 74, 6, 'person'),
(1362, 7, 1, 3, 8, 'person'),
(1363, 7, 2, 6, 8, 'person'),
(1364, 7, 3, 11, 8, 'person'),
(1365, 7, 4, 16, 8, 'person'),
(1366, 7, 5, 21, 8, 'person'),
(1367, 7, 6, 26, 8, 'person'),
(1368, 7, 7, 34, 8, 'person'),
(1369, 7, 8, 39, 8, 'person'),
(1370, 7, 9, 42, 8, 'person'),
(1371, 7, 10, 50, 8, 'person'),
(1372, 7, 11, 52, 8, 'person'),
(1373, 7, 12, 59, 8, 'person'),
(1374, 7, 13, 61, 8, 'person'),
(1375, 7, 14, 66, 8, 'person'),
(1376, 7, 15, 74, 8, 'person'),
(1377, 7, 1, 1, 9, 'person'),
(1378, 7, 2, 6, 9, 'person'),
(1379, 7, 3, 11, 9, 'person'),
(1380, 7, 4, 16, 9, 'person'),
(1381, 7, 5, 21, 9, 'person'),
(1382, 7, 6, 26, 9, 'person'),
(1383, 7, 7, 34, 9, 'person'),
(1384, 7, 8, 39, 9, 'person'),
(1385, 7, 9, 44, 9, 'person'),
(1386, 7, 10, 50, 9, 'person'),
(1387, 7, 11, 52, 9, 'person'),
(1388, 7, 12, 59, 9, 'person'),
(1389, 7, 13, 61, 9, 'person'),
(1390, 7, 14, 66, 9, 'person'),
(1391, 7, 15, 74, 9, 'person'),
(1392, 7, 1, 3, 15, 'person'),
(1393, 7, 2, 6, 15, 'person'),
(1394, 7, 3, 11, 15, 'person'),
(1395, 7, 4, 16, 15, 'person'),
(1396, 7, 5, 22, 15, 'person'),
(1397, 7, 6, 27, 15, 'person'),
(1398, 7, 7, 33, 15, 'person'),
(1399, 7, 8, 38, 15, 'person'),
(1400, 7, 9, 43, 15, 'person'),
(1401, 7, 10, 50, 15, 'person'),
(1402, 7, 11, 52, 15, 'person'),
(1403, 7, 12, 59, 15, 'person'),
(1404, 7, 13, 61, 15, 'person'),
(1405, 7, 14, 66, 15, 'person'),
(1406, 7, 15, 74, 15, 'person'),
(1407, 7, 1, 3, 10, 'person'),
(1408, 7, 2, 6, 10, 'person'),
(1409, 7, 3, 12, 10, 'person'),
(1410, 7, 4, 17, 10, 'person'),
(1411, 7, 5, 23, 10, 'person'),
(1412, 7, 6, 28, 10, 'person'),
(1413, 7, 7, 33, 10, 'person'),
(1414, 7, 8, 38, 10, 'person'),
(1415, 7, 9, 42, 10, 'person'),
(1416, 7, 10, 50, 10, 'person'),
(1417, 7, 11, 52, 10, 'person'),
(1418, 7, 12, 59, 10, 'person'),
(1419, 7, 13, 61, 10, 'person'),
(1420, 7, 14, 66, 10, 'person'),
(1421, 7, 15, 74, 10, 'person'),
(1422, 7, 1, 3, 12, 'person'),
(1423, 7, 2, 6, 12, 'person'),
(1424, 7, 3, 11, 12, 'person'),
(1425, 7, 4, 16, 12, 'person'),
(1426, 7, 5, 22, 12, 'person'),
(1427, 7, 6, 27, 12, 'person'),
(1428, 7, 7, 33, 12, 'person'),
(1429, 7, 8, 38, 12, 'person'),
(1430, 7, 9, 43, 12, 'person'),
(1431, 7, 10, 50, 12, 'person'),
(1432, 7, 11, 52, 12, 'person'),
(1433, 7, 12, 59, 12, 'person'),
(1434, 7, 13, 61, 12, 'person'),
(1435, 7, 14, 66, 12, 'person'),
(1436, 7, 15, 74, 12, 'person'),
(1437, 2, 27, 134, 51, 'hardware'),
(1438, 2, 28, 139, 51, 'hardware'),
(1439, 2, 29, 143, 51, 'hardware'),
(1440, 2, 30, 147, 51, 'hardware'),
(1441, 2, 31, 154, 51, 'hardware'),
(1442, 2, 32, 160, 51, 'hardware'),
(1443, 2, 33, 164, 51, 'hardware'),
(1444, 2, 34, 169, 51, 'hardware'),
(1445, 2, 35, 174, 51, 'hardware'),
(1446, 2, 36, 178, 51, 'hardware'),
(1447, 2, 37, 185, 51, 'hardware'),
(1448, 2, 38, 189, 51, 'hardware'),
(1449, 2, 39, 194, 51, 'hardware'),
(1450, 2, 40, 198, 51, 'hardware'),
(1451, 2, 41, 203, 51, 'hardware'),
(1452, 2, 42, 208, 51, 'hardware'),
(1453, 2, 43, 213, 51, 'hardware'),
(1454, 2, 27, 134, 10, 'hardware'),
(1455, 2, 28, 139, 10, 'hardware'),
(1456, 2, 29, 143, 10, 'hardware'),
(1457, 2, 30, 147, 10, 'hardware'),
(1458, 2, 31, 155, 10, 'hardware'),
(1459, 2, 32, 160, 10, 'hardware'),
(1460, 2, 33, 164, 10, 'hardware'),
(1461, 2, 34, 169, 10, 'hardware'),
(1462, 2, 35, 174, 10, 'hardware'),
(1463, 2, 36, 178, 10, 'hardware'),
(1464, 2, 37, 183, 10, 'hardware'),
(1465, 2, 38, 189, 10, 'hardware'),
(1466, 2, 39, 194, 10, 'hardware'),
(1467, 2, 40, 198, 10, 'hardware'),
(1468, 2, 41, 203, 10, 'hardware'),
(1469, 2, 42, 208, 10, 'hardware'),
(1470, 2, 43, 213, 10, 'hardware'),
(1471, 2, 27, 135, 39, 'hardware'),
(1472, 2, 28, 139, 39, 'hardware'),
(1473, 2, 29, 141, 39, 'hardware'),
(1474, 2, 30, 147, 39, 'hardware'),
(1475, 2, 31, 155, 39, 'hardware'),
(1476, 2, 32, 160, 39, 'hardware'),
(1477, 2, 33, 164, 39, 'hardware'),
(1478, 2, 34, 169, 39, 'hardware'),
(1479, 2, 35, 172, 39, 'hardware'),
(1480, 2, 36, 179, 39, 'hardware'),
(1481, 2, 37, 185, 39, 'hardware'),
(1482, 2, 38, 189, 39, 'hardware'),
(1483, 2, 39, 194, 39, 'hardware'),
(1484, 2, 40, 198, 39, 'hardware'),
(1485, 2, 41, 203, 39, 'hardware'),
(1486, 2, 42, 208, 39, 'hardware'),
(1487, 2, 43, 212, 39, 'hardware'),
(1488, 2, 27, 133, 49, 'hardware'),
(1489, 2, 28, 139, 49, 'hardware'),
(1490, 2, 29, 141, 49, 'hardware'),
(1491, 2, 30, 146, 49, 'hardware'),
(1492, 2, 31, 155, 49, 'hardware'),
(1493, 2, 32, 160, 49, 'hardware'),
(1494, 2, 33, 164, 49, 'hardware'),
(1495, 2, 34, 169, 49, 'hardware'),
(1496, 2, 35, 174, 49, 'hardware'),
(1497, 2, 36, 179, 49, 'hardware'),
(1498, 2, 37, 185, 49, 'hardware'),
(1499, 2, 38, 189, 49, 'hardware'),
(1500, 2, 39, 194, 49, 'hardware'),
(1501, 2, 40, 198, 49, 'hardware'),
(1502, 2, 41, 203, 49, 'hardware'),
(1503, 2, 42, 208, 49, 'hardware'),
(1504, 2, 43, 212, 49, 'hardware'),
(1505, 2, 27, 134, 48, 'hardware'),
(1506, 2, 28, 139, 48, 'hardware'),
(1507, 2, 29, 142, 48, 'hardware'),
(1508, 2, 30, 146, 48, 'hardware'),
(1509, 2, 31, 155, 48, 'hardware'),
(1510, 2, 32, 160, 48, 'hardware'),
(1511, 2, 33, 164, 48, 'hardware'),
(1512, 2, 34, 169, 48, 'hardware'),
(1513, 2, 35, 174, 48, 'hardware'),
(1514, 2, 36, 179, 48, 'hardware'),
(1515, 2, 37, 185, 48, 'hardware'),
(1516, 2, 38, 188, 48, 'hardware'),
(1517, 2, 39, 194, 48, 'hardware'),
(1518, 2, 40, 199, 48, 'hardware'),
(1519, 2, 41, 202, 48, 'hardware'),
(1520, 2, 42, 209, 48, 'hardware'),
(1521, 2, 43, 213, 48, 'hardware'),
(1522, 2, 27, 135, 50, 'hardware'),
(1523, 2, 28, 139, 50, 'hardware'),
(1524, 2, 29, 142, 50, 'hardware'),
(1525, 2, 30, 146, 50, 'hardware'),
(1526, 2, 31, 155, 50, 'hardware'),
(1527, 2, 32, 160, 50, 'hardware'),
(1528, 2, 33, 164, 50, 'hardware'),
(1529, 2, 34, 169, 50, 'hardware'),
(1530, 2, 35, 174, 50, 'hardware'),
(1531, 2, 36, 179, 50, 'hardware'),
(1532, 2, 37, 185, 50, 'hardware'),
(1533, 2, 38, 189, 50, 'hardware'),
(1534, 2, 39, 194, 50, 'hardware'),
(1535, 2, 40, 198, 50, 'hardware'),
(1536, 2, 41, 203, 50, 'hardware'),
(1537, 2, 42, 208, 50, 'hardware'),
(1538, 2, 43, 213, 50, 'hardware'),
(1539, 12, 16, 77, 4, 'software'),
(1540, 12, 17, 84, 4, 'software'),
(1541, 12, 18, 89, 4, 'software'),
(1542, 12, 19, 94, 4, 'software'),
(1543, 12, 20, 98, 4, 'software'),
(1544, 12, 21, 103, 4, 'software'),
(1545, 12, 22, 107, 4, 'software'),
(1546, 12, 23, 112, 4, 'software'),
(1547, 12, 24, 119, 4, 'software'),
(1548, 12, 25, 124, 4, 'software'),
(1549, 12, 26, 128, 4, 'software'),
(1550, 12, 16, 76, 13, 'software'),
(1551, 12, 17, 85, 13, 'software'),
(1552, 12, 18, 88, 13, 'software'),
(1553, 12, 19, 94, 13, 'software'),
(1554, 12, 20, 98, 13, 'software'),
(1555, 12, 21, 103, 13, 'software'),
(1556, 12, 22, 107, 13, 'software'),
(1557, 12, 23, 113, 13, 'software'),
(1558, 12, 24, 119, 13, 'software'),
(1559, 12, 25, 124, 13, 'software'),
(1560, 12, 26, 128, 13, 'software'),
(1561, 12, 16, 78, 52, 'software'),
(1562, 12, 17, 83, 52, 'software'),
(1563, 12, 18, 87, 52, 'software'),
(1564, 12, 19, 93, 52, 'software'),
(1565, 12, 20, 99, 52, 'software'),
(1566, 12, 21, 103, 52, 'software'),
(1567, 12, 22, 109, 52, 'software'),
(1568, 12, 23, 114, 52, 'software'),
(1569, 12, 24, 116, 52, 'software'),
(1570, 12, 25, 121, 52, 'software'),
(1571, 12, 26, 129, 52, 'software'),
(1572, 12, 16, 79, 14, 'software'),
(1573, 12, 17, 83, 14, 'software'),
(1574, 12, 18, 87, 14, 'software'),
(1575, 12, 19, 93, 14, 'software'),
(1576, 12, 20, 99, 14, 'software'),
(1577, 12, 21, 104, 14, 'software'),
(1578, 12, 22, 109, 14, 'software'),
(1579, 12, 23, 114, 14, 'software'),
(1580, 12, 24, 116, 14, 'software'),
(1581, 12, 25, 121, 14, 'software'),
(1582, 12, 26, 129, 14, 'software'),
(1583, 12, 16, 79, 32, 'software'),
(1584, 12, 17, 83, 32, 'software'),
(1585, 12, 18, 87, 32, 'software'),
(1586, 12, 19, 93, 32, 'software'),
(1587, 12, 20, 99, 32, 'software'),
(1588, 12, 21, 104, 32, 'software'),
(1589, 12, 22, 109, 32, 'software'),
(1590, 12, 23, 114, 32, 'software'),
(1591, 12, 24, 116, 32, 'software'),
(1592, 12, 25, 121, 32, 'software'),
(1593, 12, 26, 129, 32, 'software');
INSERT INTO `responses` (`response_id`, `user_id`, `question_id`, `option_id`, `subject_id`, `subject_type`) VALUES
(1594, 12, 27, 132, 33, 'hardware'),
(1595, 12, 28, 137, 33, 'hardware'),
(1596, 12, 29, 141, 33, 'hardware'),
(1597, 12, 30, 146, 33, 'hardware'),
(1598, 12, 31, 155, 33, 'hardware'),
(1599, 12, 32, 160, 33, 'hardware'),
(1600, 12, 33, 164, 33, 'hardware'),
(1601, 12, 34, 169, 33, 'hardware'),
(1602, 12, 35, 174, 33, 'hardware'),
(1603, 12, 36, 179, 33, 'hardware'),
(1604, 12, 37, 183, 33, 'hardware'),
(1605, 12, 38, 188, 33, 'hardware'),
(1606, 12, 39, 193, 33, 'hardware'),
(1607, 12, 40, 198, 33, 'hardware'),
(1608, 12, 41, 203, 33, 'hardware'),
(1609, 12, 42, 207, 33, 'hardware'),
(1610, 12, 43, 212, 33, 'hardware'),
(1611, 4, 1, 1, 13, 'person'),
(1612, 4, 2, 6, 13, 'person'),
(1613, 4, 3, 11, 13, 'person'),
(1614, 4, 4, 17, 13, 'person'),
(1615, 4, 5, 22, 13, 'person'),
(1616, 4, 6, 27, 13, 'person'),
(1617, 4, 7, 33, 13, 'person'),
(1618, 4, 8, 37, 13, 'person'),
(1619, 4, 9, 44, 13, 'person'),
(1620, 4, 10, 49, 13, 'person'),
(1621, 4, 11, 51, 13, 'person'),
(1622, 4, 12, 56, 13, 'person'),
(1623, 4, 13, 65, 13, 'person'),
(1624, 4, 14, 70, 13, 'person'),
(1625, 4, 15, 75, 13, 'person'),
(1626, 4, 1, 2, 5, 'person'),
(1627, 4, 2, 6, 5, 'person'),
(1628, 4, 3, 12, 5, 'person'),
(1629, 4, 4, 17, 5, 'person'),
(1630, 4, 5, 22, 5, 'person'),
(1631, 4, 6, 27, 5, 'person'),
(1632, 4, 7, 33, 5, 'person'),
(1633, 4, 8, 38, 5, 'person'),
(1634, 4, 9, 42, 5, 'person'),
(1635, 4, 10, 47, 5, 'person'),
(1636, 4, 11, 52, 5, 'person'),
(1637, 4, 12, 56, 5, 'person'),
(1638, 4, 13, 65, 5, 'person'),
(1639, 4, 14, 70, 5, 'person'),
(1640, 4, 15, 75, 5, 'person'),
(1641, 4, 1, 1, 6, 'person'),
(1642, 4, 2, 6, 6, 'person'),
(1643, 4, 3, 12, 6, 'person'),
(1644, 4, 4, 17, 6, 'person'),
(1645, 4, 5, 22, 6, 'person'),
(1646, 4, 6, 27, 6, 'person'),
(1647, 4, 7, 34, 6, 'person'),
(1648, 4, 8, 38, 6, 'person'),
(1649, 4, 9, 42, 6, 'person'),
(1650, 4, 10, 47, 6, 'person'),
(1651, 4, 11, 51, 6, 'person'),
(1652, 4, 12, 56, 6, 'person'),
(1653, 4, 13, 65, 6, 'person'),
(1654, 4, 14, 70, 6, 'person'),
(1655, 4, 15, 75, 6, 'person'),
(1656, 4, 1, 2, 7, 'person'),
(1657, 4, 2, 6, 7, 'person'),
(1658, 4, 3, 12, 7, 'person'),
(1659, 4, 4, 17, 7, 'person'),
(1660, 4, 5, 22, 7, 'person'),
(1661, 4, 6, 27, 7, 'person'),
(1662, 4, 7, 33, 7, 'person'),
(1663, 4, 8, 38, 7, 'person'),
(1664, 4, 9, 42, 7, 'person'),
(1665, 4, 10, 47, 7, 'person'),
(1666, 4, 11, 52, 7, 'person'),
(1667, 4, 12, 56, 7, 'person'),
(1668, 4, 13, 65, 7, 'person'),
(1669, 4, 14, 70, 7, 'person'),
(1670, 4, 15, 75, 7, 'person'),
(1671, 4, 1, 1, 8, 'person'),
(1672, 4, 2, 6, 8, 'person'),
(1673, 4, 3, 12, 8, 'person'),
(1674, 4, 4, 19, 8, 'person'),
(1675, 4, 5, 22, 8, 'person'),
(1676, 4, 6, 27, 8, 'person'),
(1677, 4, 7, 34, 8, 'person'),
(1678, 4, 8, 38, 8, 'person'),
(1679, 4, 9, 44, 8, 'person'),
(1680, 4, 10, 49, 8, 'person'),
(1681, 4, 11, 51, 8, 'person'),
(1682, 4, 12, 56, 8, 'person'),
(1683, 4, 13, 61, 8, 'person'),
(1684, 4, 14, 66, 8, 'person'),
(1685, 4, 15, 75, 8, 'person'),
(1686, 4, 1, 2, 9, 'person'),
(1687, 4, 2, 6, 9, 'person'),
(1688, 4, 3, 12, 9, 'person'),
(1689, 4, 4, 17, 9, 'person'),
(1690, 4, 5, 22, 9, 'person'),
(1691, 4, 6, 27, 9, 'person'),
(1692, 4, 7, 33, 9, 'person'),
(1693, 4, 8, 38, 9, 'person'),
(1694, 4, 9, 42, 9, 'person'),
(1695, 4, 10, 47, 9, 'person'),
(1696, 4, 11, 52, 9, 'person'),
(1697, 4, 12, 56, 9, 'person'),
(1698, 4, 13, 61, 9, 'person'),
(1699, 4, 14, 66, 9, 'person'),
(1700, 4, 15, 75, 9, 'person'),
(1701, 7, 16, 76, 18, 'software'),
(1702, 7, 17, 81, 18, 'software'),
(1703, 7, 18, 86, 18, 'software'),
(1704, 7, 19, 95, 18, 'software'),
(1705, 7, 20, 99, 18, 'software'),
(1706, 7, 21, 105, 18, 'software'),
(1707, 7, 22, 109, 18, 'software'),
(1708, 7, 23, 113, 18, 'software'),
(1709, 7, 24, 118, 18, 'software'),
(1710, 7, 25, 123, 18, 'software'),
(1711, 7, 26, 129, 18, 'software'),
(1712, 7, 16, 76, 43, 'software'),
(1713, 7, 17, 81, 43, 'software'),
(1714, 7, 18, 86, 43, 'software'),
(1715, 7, 19, 95, 43, 'software'),
(1716, 7, 20, 99, 43, 'software'),
(1717, 7, 21, 105, 43, 'software'),
(1718, 7, 22, 109, 43, 'software'),
(1719, 7, 23, 113, 43, 'software'),
(1720, 7, 24, 118, 43, 'software'),
(1721, 7, 25, 123, 43, 'software'),
(1722, 7, 26, 129, 43, 'software'),
(1723, 7, 16, 77, 13, 'software'),
(1724, 7, 17, 85, 13, 'software'),
(1725, 7, 18, 86, 13, 'software'),
(1726, 7, 19, 93, 13, 'software'),
(1727, 7, 20, 99, 13, 'software'),
(1728, 7, 21, 103, 13, 'software'),
(1729, 7, 22, 109, 13, 'software'),
(1730, 7, 23, 113, 13, 'software'),
(1731, 7, 24, 117, 13, 'software'),
(1732, 7, 25, 123, 13, 'software'),
(1733, 7, 26, 129, 13, 'software'),
(1734, 7, 16, 77, 12, 'software'),
(1735, 7, 17, 85, 12, 'software'),
(1736, 7, 18, 86, 12, 'software'),
(1737, 7, 19, 93, 12, 'software'),
(1738, 7, 20, 99, 12, 'software'),
(1739, 7, 21, 103, 12, 'software'),
(1740, 7, 22, 109, 12, 'software'),
(1741, 7, 23, 113, 12, 'software'),
(1742, 7, 24, 117, 12, 'software'),
(1743, 7, 25, 123, 12, 'software'),
(1744, 7, 26, 129, 12, 'software'),
(1745, 7, 16, 76, 53, 'software'),
(1746, 7, 17, 85, 53, 'software'),
(1747, 7, 18, 88, 53, 'software'),
(1748, 7, 19, 95, 53, 'software'),
(1749, 7, 20, 99, 53, 'software'),
(1750, 7, 21, 103, 53, 'software'),
(1751, 7, 22, 109, 53, 'software'),
(1752, 7, 23, 113, 53, 'software'),
(1753, 7, 24, 118, 53, 'software'),
(1754, 7, 25, 123, 53, 'software'),
(1755, 7, 26, 129, 53, 'software'),
(1756, 7, 16, 78, 14, 'software'),
(1757, 7, 17, 85, 14, 'software'),
(1758, 7, 18, 86, 14, 'software'),
(1759, 7, 19, 92, 14, 'software'),
(1760, 7, 20, 99, 14, 'software'),
(1761, 7, 21, 105, 14, 'software'),
(1762, 7, 22, 109, 14, 'software'),
(1763, 7, 23, 113, 14, 'software'),
(1764, 7, 24, 117, 14, 'software'),
(1765, 7, 25, 122, 14, 'software'),
(1766, 7, 26, 129, 14, 'software'),
(1767, 7, 16, 76, 20, 'software'),
(1768, 7, 17, 81, 20, 'software'),
(1769, 7, 18, 86, 20, 'software'),
(1770, 7, 19, 95, 20, 'software'),
(1771, 7, 20, 99, 20, 'software'),
(1772, 7, 21, 105, 20, 'software'),
(1773, 7, 22, 109, 20, 'software'),
(1774, 7, 23, 113, 20, 'software'),
(1775, 7, 24, 118, 20, 'software'),
(1776, 7, 25, 123, 20, 'software'),
(1777, 7, 26, 129, 20, 'software'),
(1778, 7, 16, 76, 32, 'software'),
(1779, 7, 17, 81, 32, 'software'),
(1780, 7, 18, 86, 32, 'software'),
(1781, 7, 19, 95, 32, 'software'),
(1782, 7, 20, 99, 32, 'software'),
(1783, 7, 21, 105, 32, 'software'),
(1784, 7, 22, 109, 32, 'software'),
(1785, 7, 23, 113, 32, 'software'),
(1786, 7, 24, 118, 32, 'software'),
(1787, 7, 25, 123, 32, 'software'),
(1788, 7, 26, 129, 32, 'software'),
(1789, 7, 16, 77, 16, 'software'),
(1790, 7, 17, 85, 16, 'software'),
(1791, 7, 18, 86, 16, 'software'),
(1792, 7, 19, 93, 16, 'software'),
(1793, 7, 20, 99, 16, 'software'),
(1794, 7, 21, 105, 16, 'software'),
(1795, 7, 22, 109, 16, 'software'),
(1796, 7, 23, 113, 16, 'software'),
(1797, 7, 24, 117, 16, 'software'),
(1798, 7, 25, 122, 16, 'software'),
(1799, 7, 26, 129, 16, 'software'),
(1800, 7, 16, 78, 2, 'software'),
(1801, 7, 17, 85, 2, 'software'),
(1802, 7, 18, 86, 2, 'software'),
(1803, 7, 19, 92, 2, 'software'),
(1804, 7, 20, 99, 2, 'software'),
(1805, 7, 21, 105, 2, 'software'),
(1806, 7, 22, 109, 2, 'software'),
(1807, 7, 23, 113, 2, 'software'),
(1808, 7, 24, 117, 2, 'software'),
(1809, 7, 25, 122, 2, 'software'),
(1810, 7, 26, 129, 2, 'software'),
(1811, 7, 16, 77, 29, 'software'),
(1812, 7, 17, 85, 29, 'software'),
(1813, 7, 18, 86, 29, 'software'),
(1814, 7, 19, 92, 29, 'software'),
(1815, 7, 20, 99, 29, 'software'),
(1816, 7, 21, 105, 29, 'software'),
(1817, 7, 22, 109, 29, 'software'),
(1818, 7, 23, 113, 29, 'software'),
(1819, 7, 24, 118, 29, 'software'),
(1820, 7, 25, 123, 29, 'software'),
(1821, 7, 26, 129, 29, 'software'),
(1822, 7, 16, 77, 3, 'software'),
(1823, 7, 17, 85, 3, 'software'),
(1824, 7, 18, 86, 3, 'software'),
(1825, 7, 19, 92, 3, 'software'),
(1826, 7, 20, 99, 3, 'software'),
(1827, 7, 21, 105, 3, 'software'),
(1828, 7, 22, 109, 3, 'software'),
(1829, 7, 23, 113, 3, 'software'),
(1830, 7, 24, 117, 3, 'software'),
(1831, 7, 25, 122, 3, 'software'),
(1832, 7, 26, 129, 3, 'software'),
(1833, 7, 16, 76, 25, 'software'),
(1834, 7, 17, 82, 25, 'software'),
(1835, 7, 18, 86, 25, 'software'),
(1836, 7, 19, 95, 25, 'software'),
(1837, 7, 20, 99, 25, 'software'),
(1838, 7, 21, 105, 25, 'software'),
(1839, 7, 22, 109, 25, 'software'),
(1840, 7, 23, 113, 25, 'software'),
(1841, 7, 24, 118, 25, 'software'),
(1842, 7, 25, 123, 25, 'software'),
(1843, 7, 26, 129, 25, 'software'),
(1844, 7, 16, 76, 21, 'software'),
(1845, 7, 17, 81, 21, 'software'),
(1846, 7, 18, 86, 21, 'software'),
(1847, 7, 19, 95, 21, 'software'),
(1848, 7, 20, 99, 21, 'software'),
(1849, 7, 21, 105, 21, 'software'),
(1850, 7, 22, 109, 21, 'software'),
(1851, 7, 23, 113, 21, 'software'),
(1852, 7, 24, 118, 21, 'software'),
(1853, 7, 25, 123, 21, 'software'),
(1854, 7, 26, 129, 21, 'software'),
(1855, 7, 16, 76, 31, 'software'),
(1856, 7, 17, 85, 31, 'software'),
(1857, 7, 18, 86, 31, 'software'),
(1858, 7, 19, 93, 31, 'software'),
(1859, 7, 20, 99, 31, 'software'),
(1860, 7, 21, 105, 31, 'software'),
(1861, 7, 22, 109, 31, 'software'),
(1862, 7, 23, 113, 31, 'software'),
(1863, 7, 24, 118, 31, 'software'),
(1864, 7, 25, 123, 31, 'software'),
(1865, 7, 26, 129, 31, 'software'),
(1866, 7, 16, 78, 1, 'software'),
(1867, 7, 17, 85, 1, 'software'),
(1868, 7, 18, 86, 1, 'software'),
(1869, 7, 19, 92, 1, 'software'),
(1870, 7, 20, 99, 1, 'software'),
(1871, 7, 21, 105, 1, 'software'),
(1872, 7, 22, 109, 1, 'software'),
(1873, 7, 23, 113, 1, 'software'),
(1874, 7, 24, 118, 1, 'software'),
(1875, 7, 25, 122, 1, 'software'),
(1876, 7, 26, 129, 1, 'software'),
(1877, 7, 16, 76, 34, 'software'),
(1878, 7, 17, 85, 34, 'software'),
(1879, 7, 18, 88, 34, 'software'),
(1880, 7, 19, 95, 34, 'software'),
(1881, 7, 20, 97, 34, 'software'),
(1882, 7, 21, 103, 34, 'software'),
(1883, 7, 22, 109, 34, 'software'),
(1884, 7, 23, 113, 34, 'software'),
(1885, 7, 24, 118, 34, 'software'),
(1886, 7, 25, 123, 34, 'software'),
(1887, 7, 26, 129, 34, 'software'),
(1888, 7, 27, 134, 36, 'hardware'),
(1889, 7, 28, 139, 36, 'hardware'),
(1890, 7, 29, 144, 36, 'hardware'),
(1891, 7, 30, 148, 36, 'hardware'),
(1892, 7, 31, 154, 36, 'hardware'),
(1893, 7, 32, 159, 36, 'hardware'),
(1894, 7, 33, 163, 36, 'hardware'),
(1895, 7, 34, 168, 36, 'hardware'),
(1896, 7, 35, 173, 36, 'hardware'),
(1897, 7, 36, 179, 36, 'hardware'),
(1898, 7, 37, 183, 36, 'hardware'),
(1899, 7, 38, 188, 36, 'hardware'),
(1900, 7, 39, 193, 36, 'hardware'),
(1901, 7, 40, 198, 36, 'hardware'),
(1902, 7, 41, 202, 36, 'hardware'),
(1903, 7, 42, 208, 36, 'hardware'),
(1904, 7, 43, 213, 36, 'hardware'),
(1905, 7, 27, 134, 39, 'hardware'),
(1906, 7, 28, 139, 39, 'hardware'),
(1907, 7, 29, 143, 39, 'hardware'),
(1908, 7, 30, 147, 39, 'hardware'),
(1909, 7, 31, 154, 39, 'hardware'),
(1910, 7, 32, 159, 39, 'hardware'),
(1911, 7, 33, 163, 39, 'hardware'),
(1912, 7, 34, 168, 39, 'hardware'),
(1913, 7, 35, 173, 39, 'hardware'),
(1914, 7, 36, 179, 39, 'hardware'),
(1915, 7, 37, 184, 39, 'hardware'),
(1916, 7, 38, 188, 39, 'hardware'),
(1917, 7, 39, 193, 39, 'hardware'),
(1918, 7, 40, 198, 39, 'hardware'),
(1919, 7, 41, 203, 39, 'hardware'),
(1920, 7, 42, 208, 39, 'hardware'),
(1921, 7, 43, 213, 39, 'hardware'),
(1922, 4, 16, 78, 13, 'software'),
(1923, 4, 17, 84, 13, 'software'),
(1924, 4, 18, 88, 13, 'software'),
(1925, 4, 19, 93, 13, 'software'),
(1926, 4, 20, 98, 13, 'software'),
(1927, 4, 21, 103, 13, 'software'),
(1928, 4, 22, 109, 13, 'software'),
(1929, 4, 23, 114, 13, 'software'),
(1930, 4, 24, 116, 13, 'software'),
(1931, 4, 25, 121, 13, 'software'),
(1932, 4, 26, 126, 13, 'software'),
(1933, 4, 16, 77, 53, 'software'),
(1934, 4, 17, 82, 53, 'software'),
(1935, 4, 18, 90, 53, 'software'),
(1936, 4, 19, 95, 53, 'software'),
(1937, 4, 20, 96, 53, 'software'),
(1938, 4, 21, 103, 53, 'software'),
(1939, 4, 22, 107, 53, 'software'),
(1940, 4, 23, 112, 53, 'software'),
(1941, 4, 24, 119, 53, 'software'),
(1942, 4, 25, 122, 53, 'software'),
(1943, 4, 26, 130, 53, 'software'),
(1944, 4, 16, 79, 14, 'software'),
(1945, 4, 17, 83, 14, 'software'),
(1946, 4, 18, 88, 14, 'software'),
(1947, 4, 19, 93, 14, 'software'),
(1948, 4, 20, 98, 14, 'software'),
(1949, 4, 21, 103, 14, 'software'),
(1950, 4, 22, 109, 14, 'software'),
(1951, 4, 23, 112, 14, 'software'),
(1952, 4, 24, 116, 14, 'software'),
(1953, 4, 25, 121, 14, 'software'),
(1954, 4, 26, 130, 14, 'software'),
(1955, 4, 16, 79, 16, 'software'),
(1956, 4, 17, 83, 16, 'software'),
(1957, 4, 18, 88, 16, 'software'),
(1958, 4, 19, 93, 16, 'software'),
(1959, 4, 20, 98, 16, 'software'),
(1960, 4, 21, 103, 16, 'software'),
(1961, 4, 22, 109, 16, 'software'),
(1962, 4, 23, 112, 16, 'software'),
(1963, 4, 24, 116, 16, 'software'),
(1964, 4, 25, 121, 16, 'software'),
(1965, 4, 26, 130, 16, 'software'),
(1966, 4, 16, 79, 2, 'software'),
(1967, 4, 17, 83, 2, 'software'),
(1968, 4, 18, 88, 2, 'software'),
(1969, 4, 19, 93, 2, 'software'),
(1970, 4, 20, 98, 2, 'software'),
(1971, 4, 21, 103, 2, 'software'),
(1972, 4, 22, 109, 2, 'software'),
(1973, 4, 23, 112, 2, 'software'),
(1974, 4, 24, 116, 2, 'software'),
(1975, 4, 25, 121, 2, 'software'),
(1976, 4, 26, 130, 2, 'software'),
(1977, 4, 16, 78, 3, 'software'),
(1978, 4, 17, 83, 3, 'software'),
(1979, 4, 18, 88, 3, 'software'),
(1980, 4, 19, 93, 3, 'software'),
(1981, 4, 20, 98, 3, 'software'),
(1982, 4, 21, 103, 3, 'software'),
(1983, 4, 22, 108, 3, 'software'),
(1984, 4, 23, 112, 3, 'software'),
(1985, 4, 24, 116, 3, 'software'),
(1986, 4, 25, 121, 3, 'software'),
(1987, 4, 26, 130, 3, 'software'),
(1988, 4, 16, 77, 31, 'software'),
(1989, 4, 17, 83, 31, 'software'),
(1990, 4, 18, 88, 31, 'software'),
(1991, 4, 19, 93, 31, 'software'),
(1992, 4, 20, 98, 31, 'software'),
(1993, 4, 21, 103, 31, 'software'),
(1994, 4, 22, 107, 31, 'software'),
(1995, 4, 23, 112, 31, 'software'),
(1996, 4, 24, 119, 31, 'software'),
(1997, 4, 25, 121, 31, 'software'),
(1998, 4, 26, 130, 31, 'software'),
(1999, 4, 16, 79, 1, 'software'),
(2000, 4, 17, 83, 1, 'software'),
(2001, 4, 18, 88, 1, 'software'),
(2002, 4, 19, 93, 1, 'software'),
(2003, 4, 20, 98, 1, 'software'),
(2004, 4, 21, 103, 1, 'software'),
(2005, 4, 22, 109, 1, 'software'),
(2006, 4, 23, 114, 1, 'software'),
(2007, 4, 24, 116, 1, 'software'),
(2008, 4, 25, 121, 1, 'software'),
(2009, 4, 26, 130, 1, 'software'),
(2010, 4, 16, 78, 34, 'software'),
(2011, 4, 17, 83, 34, 'software'),
(2012, 4, 18, 88, 34, 'software'),
(2013, 4, 19, 93, 34, 'software'),
(2014, 4, 20, 98, 34, 'software'),
(2015, 4, 21, 103, 34, 'software'),
(2016, 4, 22, 109, 34, 'software'),
(2017, 4, 23, 112, 34, 'software'),
(2018, 4, 24, 117, 34, 'software'),
(2019, 4, 25, 121, 34, 'software'),
(2020, 4, 26, 128, 34, 'software'),
(2021, 3, 1, 1, 1, 'person'),
(2022, 3, 2, 6, 1, 'person'),
(2023, 3, 3, 11, 1, 'person'),
(2024, 3, 4, 16, 1, 'person'),
(2025, 3, 5, 22, 1, 'person'),
(2026, 3, 6, 27, 1, 'person'),
(2027, 3, 7, 35, 1, 'person'),
(2028, 3, 8, 39, 1, 'person'),
(2029, 3, 9, 41, 1, 'person'),
(2030, 3, 10, 46, 1, 'person'),
(2031, 3, 11, 51, 1, 'person'),
(2032, 3, 12, 56, 1, 'person'),
(2033, 3, 13, 65, 1, 'person'),
(2034, 3, 14, 66, 1, 'person'),
(2035, 3, 15, 74, 1, 'person'),
(2036, 3, 1, 4, 2, 'person'),
(2037, 3, 2, 9, 2, 'person'),
(2038, 3, 3, 13, 2, 'person'),
(2039, 3, 4, 18, 2, 'person'),
(2040, 3, 5, 22, 2, 'person'),
(2041, 3, 6, 27, 2, 'person'),
(2042, 3, 7, 35, 2, 'person'),
(2043, 3, 8, 39, 2, 'person'),
(2044, 3, 9, 41, 2, 'person'),
(2045, 3, 10, 46, 2, 'person'),
(2046, 3, 11, 51, 2, 'person'),
(2047, 3, 12, 56, 2, 'person'),
(2048, 3, 13, 65, 2, 'person'),
(2049, 3, 14, 67, 2, 'person'),
(2050, 3, 15, 74, 2, 'person'),
(2051, 3, 1, 1, 7, 'person'),
(2052, 3, 2, 6, 7, 'person'),
(2053, 3, 3, 11, 7, 'person'),
(2054, 3, 4, 16, 7, 'person'),
(2055, 3, 5, 21, 7, 'person'),
(2056, 3, 6, 27, 7, 'person'),
(2057, 3, 7, 35, 7, 'person'),
(2058, 3, 8, 39, 7, 'person'),
(2059, 3, 9, 41, 7, 'person'),
(2060, 3, 10, 46, 7, 'person'),
(2061, 3, 11, 51, 7, 'person'),
(2062, 3, 12, 56, 7, 'person'),
(2063, 3, 13, 65, 7, 'person'),
(2064, 3, 14, 67, 7, 'person'),
(2065, 3, 15, 74, 7, 'person'),
(2066, 3, 1, 2, 8, 'person'),
(2067, 3, 2, 7, 8, 'person'),
(2068, 3, 3, 13, 8, 'person'),
(2069, 3, 4, 19, 8, 'person'),
(2070, 3, 5, 21, 8, 'person'),
(2071, 3, 6, 27, 8, 'person'),
(2072, 3, 7, 35, 8, 'person'),
(2073, 3, 8, 39, 8, 'person'),
(2074, 3, 9, 41, 8, 'person'),
(2075, 3, 10, 46, 8, 'person'),
(2076, 3, 11, 51, 8, 'person'),
(2077, 3, 12, 56, 8, 'person'),
(2078, 3, 13, 65, 8, 'person'),
(2079, 3, 14, 66, 8, 'person'),
(2080, 3, 15, 74, 8, 'person'),
(2081, 3, 1, 1, 10, 'person'),
(2082, 3, 2, 6, 10, 'person'),
(2083, 3, 3, 11, 10, 'person'),
(2084, 3, 4, 16, 10, 'person'),
(2085, 3, 5, 21, 10, 'person'),
(2086, 3, 6, 26, 10, 'person'),
(2087, 3, 7, 35, 10, 'person'),
(2088, 3, 8, 39, 10, 'person'),
(2089, 3, 9, 41, 10, 'person'),
(2090, 3, 10, 46, 10, 'person'),
(2091, 3, 11, 51, 10, 'person'),
(2092, 3, 12, 56, 10, 'person'),
(2093, 3, 13, 65, 10, 'person'),
(2094, 3, 14, 66, 10, 'person'),
(2095, 3, 15, 74, 10, 'person'),
(2096, 10, 1, 2, 2, 'person'),
(2097, 10, 2, 7, 2, 'person'),
(2098, 10, 3, 14, 2, 'person'),
(2099, 10, 4, 17, 2, 'person'),
(2100, 10, 5, 21, 2, 'person'),
(2101, 10, 6, 26, 2, 'person'),
(2102, 10, 7, 33, 2, 'person'),
(2103, 10, 8, 38, 2, 'person'),
(2104, 10, 9, 44, 2, 'person'),
(2105, 10, 10, 49, 2, 'person'),
(2106, 10, 11, 51, 2, 'person'),
(2107, 10, 12, 56, 2, 'person'),
(2108, 10, 13, 61, 2, 'person'),
(2109, 10, 14, 66, 2, 'person'),
(2110, 10, 15, 71, 2, 'person'),
(2111, 10, 1, 1, 7, 'person'),
(2112, 10, 2, 7, 7, 'person'),
(2113, 10, 3, 12, 7, 'person'),
(2114, 10, 4, 17, 7, 'person'),
(2115, 10, 5, 21, 7, 'person'),
(2116, 10, 6, 26, 7, 'person'),
(2117, 10, 7, 33, 7, 'person'),
(2118, 10, 8, 38, 7, 'person'),
(2119, 10, 9, 44, 7, 'person'),
(2120, 10, 10, 49, 7, 'person'),
(2121, 10, 11, 51, 7, 'person'),
(2122, 10, 12, 56, 7, 'person'),
(2123, 10, 13, 61, 7, 'person'),
(2124, 10, 14, 66, 7, 'person'),
(2125, 10, 15, 71, 7, 'person'),
(2126, 10, 1, 1, 11, 'person'),
(2127, 10, 2, 6, 11, 'person'),
(2128, 10, 3, 12, 11, 'person'),
(2129, 10, 4, 17, 11, 'person'),
(2130, 10, 5, 21, 11, 'person'),
(2131, 10, 6, 26, 11, 'person'),
(2132, 10, 7, 33, 11, 'person'),
(2133, 10, 8, 38, 11, 'person'),
(2134, 10, 9, 44, 11, 'person'),
(2135, 10, 10, 49, 11, 'person'),
(2136, 10, 11, 51, 11, 'person'),
(2137, 10, 12, 56, 11, 'person'),
(2138, 10, 13, 61, 11, 'person'),
(2139, 10, 14, 66, 11, 'person'),
(2140, 10, 15, 71, 11, 'person'),
(2141, 10, 1, 1, 12, 'person'),
(2142, 10, 2, 6, 12, 'person'),
(2143, 10, 3, 12, 12, 'person'),
(2144, 10, 4, 17, 12, 'person'),
(2145, 10, 5, 21, 12, 'person'),
(2146, 10, 6, 26, 12, 'person'),
(2147, 10, 7, 33, 12, 'person'),
(2148, 10, 8, 38, 12, 'person'),
(2149, 10, 9, 44, 12, 'person'),
(2150, 10, 10, 49, 12, 'person'),
(2151, 10, 11, 51, 12, 'person'),
(2152, 10, 12, 56, 12, 'person'),
(2153, 10, 13, 61, 12, 'person'),
(2154, 10, 14, 66, 12, 'person'),
(2155, 10, 15, 71, 12, 'person'),
(2171, 5, 1, 2, 4, 'person'),
(2172, 5, 2, 7, 4, 'person'),
(2173, 5, 3, 12, 4, 'person'),
(2174, 5, 4, 17, 4, 'person'),
(2175, 5, 5, 22, 4, 'person'),
(2176, 5, 6, 27, 4, 'person'),
(2177, 5, 7, 34, 4, 'person'),
(2178, 5, 8, 39, 4, 'person'),
(2179, 5, 9, 41, 4, 'person'),
(2180, 5, 10, 48, 4, 'person'),
(2181, 5, 11, 55, 4, 'person'),
(2182, 5, 12, 60, 4, 'person'),
(2183, 5, 13, 63, 4, 'person'),
(2184, 5, 14, 68, 4, 'person'),
(2185, 5, 15, 73, 4, 'person'),
(2231, 10, 16, 77, 18, 'software'),
(2232, 10, 17, 84, 18, 'software'),
(2233, 10, 18, 87, 18, 'software'),
(2234, 10, 19, 94, 18, 'software'),
(2235, 10, 20, 98, 18, 'software'),
(2236, 10, 21, 104, 18, 'software'),
(2237, 10, 22, 109, 18, 'software'),
(2238, 10, 23, 114, 18, 'software'),
(2239, 10, 24, 116, 18, 'software'),
(2240, 10, 25, 121, 18, 'software'),
(2241, 10, 26, 129, 18, 'software'),
(2242, 10, 16, 77, 4, 'software'),
(2243, 10, 17, 84, 4, 'software'),
(2244, 10, 18, 87, 4, 'software'),
(2245, 10, 19, 94, 4, 'software'),
(2246, 10, 20, 98, 4, 'software'),
(2247, 10, 21, 104, 4, 'software'),
(2248, 10, 22, 109, 4, 'software'),
(2249, 10, 23, 114, 4, 'software'),
(2250, 10, 24, 116, 4, 'software'),
(2251, 10, 25, 121, 4, 'software'),
(2252, 10, 26, 129, 4, 'software'),
(2253, 10, 16, 77, 13, 'software'),
(2254, 10, 17, 84, 13, 'software'),
(2255, 10, 18, 87, 13, 'software'),
(2256, 10, 19, 94, 13, 'software'),
(2257, 10, 20, 98, 13, 'software'),
(2258, 10, 21, 104, 13, 'software'),
(2259, 10, 22, 109, 13, 'software'),
(2260, 10, 23, 114, 13, 'software'),
(2261, 10, 24, 116, 13, 'software'),
(2262, 10, 25, 121, 13, 'software'),
(2263, 10, 26, 129, 13, 'software'),
(2264, 10, 16, 77, 30, 'software'),
(2265, 10, 17, 84, 30, 'software'),
(2266, 10, 18, 86, 30, 'software'),
(2267, 10, 19, 94, 30, 'software'),
(2268, 10, 20, 98, 30, 'software'),
(2269, 10, 21, 104, 30, 'software'),
(2270, 10, 22, 109, 30, 'software'),
(2271, 10, 23, 114, 30, 'software'),
(2272, 10, 24, 116, 30, 'software'),
(2273, 10, 25, 121, 30, 'software'),
(2274, 10, 26, 129, 30, 'software'),
(2275, 10, 16, 77, 20, 'software'),
(2276, 10, 17, 84, 20, 'software'),
(2277, 10, 18, 87, 20, 'software'),
(2278, 10, 19, 94, 20, 'software'),
(2279, 10, 20, 98, 20, 'software'),
(2280, 10, 21, 104, 20, 'software'),
(2281, 10, 22, 109, 20, 'software'),
(2282, 10, 23, 114, 20, 'software'),
(2283, 10, 24, 116, 20, 'software'),
(2284, 10, 25, 121, 20, 'software'),
(2285, 10, 26, 129, 20, 'software'),
(2286, 10, 16, 77, 16, 'software'),
(2287, 10, 17, 84, 16, 'software'),
(2288, 10, 18, 87, 16, 'software'),
(2289, 10, 19, 94, 16, 'software'),
(2290, 10, 20, 98, 16, 'software'),
(2291, 10, 21, 104, 16, 'software'),
(2292, 10, 22, 109, 16, 'software'),
(2293, 10, 23, 114, 16, 'software'),
(2294, 10, 24, 116, 16, 'software'),
(2295, 10, 25, 121, 16, 'software'),
(2296, 10, 26, 129, 16, 'software'),
(2297, 10, 16, 80, 1, 'software'),
(2298, 10, 17, 84, 1, 'software'),
(2299, 10, 18, 87, 1, 'software'),
(2300, 10, 19, 94, 1, 'software'),
(2301, 10, 20, 98, 1, 'software'),
(2302, 10, 21, 104, 1, 'software'),
(2303, 10, 22, 109, 1, 'software'),
(2304, 10, 23, 114, 1, 'software'),
(2305, 10, 24, 116, 1, 'software'),
(2306, 10, 25, 121, 1, 'software'),
(2307, 10, 26, 129, 1, 'software'),
(2308, 3, 16, 78, 66, 'software'),
(2309, 3, 17, 84, 66, 'software'),
(2310, 3, 18, 88, 66, 'software'),
(2311, 3, 19, 92, 66, 'software'),
(2312, 3, 20, 99, 66, 'software'),
(2313, 3, 21, 104, 66, 'software'),
(2314, 3, 22, 110, 66, 'software'),
(2315, 3, 23, 113, 66, 'software'),
(2316, 3, 24, 119, 66, 'software'),
(2317, 3, 25, 124, 66, 'software'),
(2318, 3, 26, 127, 66, 'software'),
(2319, 3, 16, 80, 13, 'software'),
(2320, 3, 17, 84, 13, 'software'),
(2321, 3, 18, 87, 13, 'software'),
(2322, 3, 19, 92, 13, 'software'),
(2323, 3, 20, 100, 13, 'software'),
(2324, 3, 21, 103, 13, 'software'),
(2325, 3, 22, 110, 13, 'software'),
(2326, 3, 23, 113, 13, 'software'),
(2327, 3, 24, 119, 13, 'software'),
(2328, 3, 25, 124, 13, 'software'),
(2329, 3, 26, 127, 13, 'software'),
(2330, 3, 16, 79, 12, 'software'),
(2331, 3, 17, 83, 12, 'software'),
(2332, 3, 18, 87, 12, 'software'),
(2333, 3, 19, 93, 12, 'software'),
(2334, 3, 20, 100, 12, 'software'),
(2335, 3, 21, 103, 12, 'software'),
(2336, 3, 22, 109, 12, 'software'),
(2337, 3, 23, 112, 12, 'software'),
(2338, 3, 24, 119, 12, 'software'),
(2339, 3, 25, 121, 12, 'software'),
(2340, 3, 26, 130, 12, 'software'),
(2341, 3, 16, 77, 65, 'software'),
(2342, 3, 17, 85, 65, 'software'),
(2343, 3, 18, 88, 65, 'software'),
(2344, 3, 19, 93, 65, 'software'),
(2345, 3, 20, 98, 65, 'software'),
(2346, 3, 21, 103, 65, 'software'),
(2347, 3, 22, 109, 65, 'software'),
(2348, 3, 23, 113, 65, 'software'),
(2349, 3, 24, 119, 65, 'software'),
(2350, 3, 25, 124, 65, 'software'),
(2351, 3, 26, 127, 65, 'software'),
(2352, 3, 16, 78, 14, 'software'),
(2353, 3, 17, 85, 14, 'software'),
(2354, 3, 18, 88, 14, 'software'),
(2355, 3, 19, 93, 14, 'software'),
(2356, 3, 20, 98, 14, 'software'),
(2357, 3, 21, 103, 14, 'software'),
(2358, 3, 22, 109, 14, 'software'),
(2359, 3, 23, 113, 14, 'software'),
(2360, 3, 24, 119, 14, 'software'),
(2361, 3, 25, 121, 14, 'software'),
(2362, 3, 26, 127, 14, 'software'),
(2363, 3, 16, 80, 2, 'software'),
(2364, 3, 17, 85, 2, 'software'),
(2365, 3, 18, 86, 2, 'software'),
(2366, 3, 19, 91, 2, 'software'),
(2367, 3, 20, 100, 2, 'software'),
(2368, 3, 21, 103, 2, 'software'),
(2369, 3, 22, 110, 2, 'software'),
(2370, 3, 23, 111, 2, 'software'),
(2371, 3, 24, 116, 2, 'software'),
(2372, 3, 25, 124, 2, 'software'),
(2373, 3, 26, 130, 2, 'software'),
(2374, 3, 16, 78, 11, 'software'),
(2375, 3, 17, 85, 11, 'software'),
(2376, 3, 18, 87, 11, 'software'),
(2377, 3, 19, 93, 11, 'software'),
(2378, 3, 20, 99, 11, 'software'),
(2379, 3, 21, 104, 11, 'software'),
(2380, 3, 22, 110, 11, 'software'),
(2381, 3, 23, 113, 11, 'software'),
(2382, 3, 24, 119, 11, 'software'),
(2383, 3, 25, 125, 11, 'software'),
(2384, 3, 26, 128, 11, 'software'),
(2385, 3, 16, 80, 1, 'software'),
(2386, 3, 17, 85, 1, 'software'),
(2387, 3, 18, 87, 1, 'software'),
(2388, 3, 19, 95, 1, 'software'),
(2389, 3, 20, 98, 1, 'software'),
(2390, 3, 21, 103, 1, 'software'),
(2391, 3, 22, 110, 1, 'software'),
(2392, 3, 23, 113, 1, 'software'),
(2393, 3, 24, 119, 1, 'software'),
(2394, 3, 25, 121, 1, 'software'),
(2395, 3, 26, 128, 1, 'software'),
(2396, 10, 27, 133, 10, 'hardware'),
(2397, 10, 28, 138, 10, 'hardware'),
(2398, 10, 29, 143, 10, 'hardware'),
(2399, 10, 30, 148, 10, 'hardware'),
(2400, 10, 31, 154, 10, 'hardware'),
(2401, 10, 32, 158, 10, 'hardware'),
(2402, 10, 33, 164, 10, 'hardware'),
(2403, 10, 34, 169, 10, 'hardware'),
(2404, 10, 35, 173, 10, 'hardware'),
(2405, 10, 36, 179, 10, 'hardware'),
(2406, 10, 37, 183, 10, 'hardware'),
(2407, 10, 38, 187, 10, 'hardware'),
(2408, 10, 39, 192, 10, 'hardware'),
(2409, 10, 40, 197, 10, 'hardware'),
(2410, 10, 41, 201, 10, 'hardware'),
(2411, 10, 42, 208, 10, 'hardware'),
(2412, 10, 43, 212, 10, 'hardware'),
(2413, 10, 27, 133, 39, 'hardware'),
(2414, 10, 28, 138, 39, 'hardware'),
(2415, 10, 29, 143, 39, 'hardware'),
(2416, 10, 30, 148, 39, 'hardware'),
(2417, 10, 31, 154, 39, 'hardware'),
(2418, 10, 32, 158, 39, 'hardware'),
(2419, 10, 33, 164, 39, 'hardware'),
(2420, 10, 34, 169, 39, 'hardware'),
(2421, 10, 35, 173, 39, 'hardware'),
(2422, 10, 36, 179, 39, 'hardware'),
(2423, 10, 37, 183, 39, 'hardware'),
(2424, 10, 38, 187, 39, 'hardware'),
(2425, 10, 39, 192, 39, 'hardware'),
(2426, 10, 40, 197, 39, 'hardware'),
(2427, 10, 41, 201, 39, 'hardware'),
(2428, 10, 42, 208, 39, 'hardware'),
(2429, 10, 43, 212, 39, 'hardware'),
(2430, 10, 27, 133, 38, 'hardware'),
(2431, 10, 28, 138, 38, 'hardware'),
(2432, 10, 29, 142, 38, 'hardware'),
(2433, 10, 30, 148, 38, 'hardware'),
(2434, 10, 31, 154, 38, 'hardware'),
(2435, 10, 32, 158, 38, 'hardware'),
(2436, 10, 33, 164, 38, 'hardware'),
(2437, 10, 34, 169, 38, 'hardware'),
(2438, 10, 35, 173, 38, 'hardware'),
(2439, 10, 36, 179, 38, 'hardware'),
(2440, 10, 37, 183, 38, 'hardware'),
(2441, 10, 38, 187, 38, 'hardware'),
(2442, 10, 39, 192, 38, 'hardware'),
(2443, 10, 40, 197, 38, 'hardware'),
(2444, 10, 41, 201, 38, 'hardware'),
(2445, 10, 42, 208, 38, 'hardware'),
(2446, 10, 43, 212, 38, 'hardware'),
(2447, 10, 27, 133, 58, 'hardware'),
(2448, 10, 28, 138, 58, 'hardware'),
(2449, 10, 29, 143, 58, 'hardware'),
(2450, 10, 30, 148, 58, 'hardware'),
(2451, 10, 31, 154, 58, 'hardware'),
(2452, 10, 32, 158, 58, 'hardware'),
(2453, 10, 33, 164, 58, 'hardware'),
(2454, 10, 34, 169, 58, 'hardware'),
(2455, 10, 35, 173, 58, 'hardware'),
(2456, 10, 36, 179, 58, 'hardware'),
(2457, 10, 37, 183, 58, 'hardware'),
(2458, 10, 38, 187, 58, 'hardware'),
(2459, 10, 39, 192, 58, 'hardware'),
(2460, 10, 40, 197, 58, 'hardware'),
(2461, 10, 41, 201, 58, 'hardware'),
(2462, 10, 42, 208, 58, 'hardware'),
(2463, 10, 43, 212, 58, 'hardware'),
(2464, 3, 27, 133, 33, 'hardware'),
(2465, 3, 28, 137, 33, 'hardware'),
(2466, 3, 29, 144, 33, 'hardware'),
(2467, 3, 30, 149, 33, 'hardware'),
(2468, 3, 31, 155, 33, 'hardware'),
(2469, 3, 32, 160, 33, 'hardware'),
(2470, 3, 33, 163, 33, 'hardware'),
(2471, 3, 34, 166, 33, 'hardware'),
(2472, 3, 35, 174, 33, 'hardware'),
(2473, 3, 36, 179, 33, 'hardware'),
(2474, 3, 37, 183, 33, 'hardware'),
(2475, 3, 38, 187, 33, 'hardware'),
(2476, 3, 39, 191, 33, 'hardware'),
(2477, 3, 40, 197, 33, 'hardware'),
(2478, 3, 41, 205, 33, 'hardware'),
(2479, 3, 42, 210, 33, 'hardware'),
(2480, 3, 43, 215, 33, 'hardware'),
(2481, 3, 27, 135, 70, 'hardware'),
(2482, 3, 28, 139, 70, 'hardware'),
(2483, 3, 29, 142, 70, 'hardware'),
(2484, 3, 30, 147, 70, 'hardware'),
(2485, 3, 31, 155, 70, 'hardware'),
(2486, 3, 32, 160, 70, 'hardware'),
(2487, 3, 33, 164, 70, 'hardware'),
(2488, 3, 34, 167, 70, 'hardware'),
(2489, 3, 35, 174, 70, 'hardware'),
(2490, 3, 36, 179, 70, 'hardware'),
(2491, 3, 37, 183, 70, 'hardware'),
(2492, 3, 38, 187, 70, 'hardware'),
(2493, 3, 39, 191, 70, 'hardware'),
(2494, 3, 40, 197, 70, 'hardware'),
(2495, 3, 41, 205, 70, 'hardware'),
(2496, 3, 42, 207, 70, 'hardware'),
(2497, 3, 43, 212, 70, 'hardware'),
(2498, 3, 27, 134, 68, 'hardware'),
(2499, 3, 28, 139, 68, 'hardware'),
(2500, 3, 29, 143, 68, 'hardware'),
(2501, 3, 30, 148, 68, 'hardware'),
(2502, 3, 31, 154, 68, 'hardware'),
(2503, 3, 32, 159, 68, 'hardware'),
(2504, 3, 33, 163, 68, 'hardware'),
(2505, 3, 34, 168, 68, 'hardware'),
(2506, 3, 35, 174, 68, 'hardware'),
(2507, 3, 36, 179, 68, 'hardware'),
(2508, 3, 37, 185, 68, 'hardware'),
(2509, 3, 38, 186, 68, 'hardware'),
(2510, 3, 39, 191, 68, 'hardware'),
(2511, 3, 40, 198, 68, 'hardware'),
(2512, 3, 41, 205, 68, 'hardware'),
(2513, 3, 42, 207, 68, 'hardware'),
(2514, 3, 43, 212, 68, 'hardware'),
(2515, 3, 27, 134, 67, 'hardware'),
(2516, 3, 28, 137, 67, 'hardware'),
(2517, 3, 29, 143, 67, 'hardware'),
(2518, 3, 30, 148, 67, 'hardware'),
(2519, 3, 31, 154, 67, 'hardware'),
(2520, 3, 32, 159, 67, 'hardware'),
(2521, 3, 33, 163, 67, 'hardware'),
(2522, 3, 34, 168, 67, 'hardware'),
(2523, 3, 35, 174, 67, 'hardware'),
(2524, 3, 36, 177, 67, 'hardware'),
(2525, 3, 37, 183, 67, 'hardware'),
(2526, 3, 38, 186, 67, 'hardware'),
(2527, 3, 39, 191, 67, 'hardware'),
(2528, 3, 40, 196, 67, 'hardware'),
(2529, 3, 41, 205, 67, 'hardware'),
(2530, 3, 42, 207, 67, 'hardware'),
(2531, 3, 43, 212, 67, 'hardware'),
(2532, 3, 27, 134, 69, 'hardware'),
(2533, 3, 28, 137, 69, 'hardware'),
(2534, 3, 29, 143, 69, 'hardware'),
(2535, 3, 30, 150, 69, 'hardware'),
(2536, 3, 31, 154, 69, 'hardware'),
(2537, 3, 32, 159, 69, 'hardware'),
(2538, 3, 33, 162, 69, 'hardware'),
(2539, 3, 34, 167, 69, 'hardware'),
(2540, 3, 35, 174, 69, 'hardware'),
(2541, 3, 36, 179, 69, 'hardware'),
(2542, 3, 37, 183, 69, 'hardware'),
(2543, 3, 38, 188, 69, 'hardware'),
(2544, 3, 39, 193, 69, 'hardware'),
(2545, 3, 40, 198, 69, 'hardware'),
(2546, 3, 41, 205, 69, 'hardware'),
(2547, 3, 42, 208, 69, 'hardware'),
(2548, 3, 43, 213, 69, 'hardware'),
(2549, 9, 1, 1, 1, 'person'),
(2550, 9, 2, 6, 1, 'person'),
(2551, 9, 3, 12, 1, 'person'),
(2552, 9, 4, 16, 1, 'person'),
(2553, 9, 5, 21, 1, 'person'),
(2554, 9, 6, 26, 1, 'person'),
(2555, 9, 7, 34, 1, 'person'),
(2556, 9, 8, 39, 1, 'person'),
(2557, 9, 9, 45, 1, 'person'),
(2558, 9, 10, 49, 1, 'person'),
(2559, 9, 11, 55, 1, 'person'),
(2560, 9, 12, 60, 1, 'person'),
(2561, 9, 13, 61, 1, 'person'),
(2562, 9, 14, 66, 1, 'person'),
(2563, 9, 15, 74, 1, 'person'),
(2564, 9, 1, 1, 13, 'person'),
(2565, 9, 2, 6, 13, 'person'),
(2566, 9, 3, 12, 13, 'person'),
(2567, 9, 4, 16, 13, 'person'),
(2568, 9, 5, 21, 13, 'person'),
(2569, 9, 6, 26, 13, 'person'),
(2570, 9, 7, 34, 13, 'person'),
(2571, 9, 8, 39, 13, 'person'),
(2572, 9, 9, 43, 13, 'person'),
(2573, 9, 10, 49, 13, 'person'),
(2574, 9, 11, 55, 13, 'person'),
(2575, 9, 12, 60, 13, 'person'),
(2576, 9, 13, 61, 13, 'person'),
(2577, 9, 14, 67, 13, 'person'),
(2578, 9, 15, 75, 13, 'person'),
(2579, 9, 1, 1, 4, 'person'),
(2580, 9, 2, 6, 4, 'person'),
(2581, 9, 3, 12, 4, 'person'),
(2582, 9, 4, 16, 4, 'person'),
(2583, 9, 5, 21, 4, 'person'),
(2584, 9, 6, 26, 4, 'person'),
(2585, 9, 7, 35, 4, 'person'),
(2586, 9, 8, 40, 4, 'person'),
(2587, 9, 9, 42, 4, 'person'),
(2588, 9, 10, 48, 4, 'person'),
(2589, 9, 11, 55, 4, 'person'),
(2590, 9, 12, 60, 4, 'person'),
(2591, 9, 13, 62, 4, 'person'),
(2592, 9, 14, 68, 4, 'person'),
(2593, 9, 15, 73, 4, 'person'),
(2594, 9, 1, 1, 6, 'person'),
(2595, 9, 2, 6, 6, 'person'),
(2596, 9, 3, 13, 6, 'person'),
(2597, 9, 4, 18, 6, 'person'),
(2598, 9, 5, 21, 6, 'person'),
(2599, 9, 6, 28, 6, 'person'),
(2600, 9, 7, 35, 6, 'person'),
(2601, 9, 8, 38, 6, 'person'),
(2602, 9, 9, 44, 6, 'person'),
(2603, 9, 10, 47, 6, 'person'),
(2604, 9, 11, 55, 6, 'person'),
(2605, 9, 12, 60, 6, 'person'),
(2606, 9, 13, 61, 6, 'person'),
(2607, 9, 14, 67, 6, 'person'),
(2608, 9, 15, 72, 6, 'person'),
(2609, 9, 1, 1, 7, 'person'),
(2610, 9, 2, 6, 7, 'person'),
(2611, 9, 3, 12, 7, 'person'),
(2612, 9, 4, 16, 7, 'person'),
(2613, 9, 5, 21, 7, 'person'),
(2614, 9, 6, 27, 7, 'person'),
(2615, 9, 7, 34, 7, 'person'),
(2616, 9, 8, 39, 7, 'person'),
(2617, 9, 9, 45, 7, 'person'),
(2618, 9, 10, 49, 7, 'person'),
(2619, 9, 11, 55, 7, 'person'),
(2620, 9, 12, 60, 7, 'person'),
(2621, 9, 13, 61, 7, 'person'),
(2622, 9, 14, 67, 7, 'person'),
(2623, 9, 15, 74, 7, 'person'),
(2624, 9, 1, 2, 8, 'person'),
(2625, 9, 2, 7, 8, 'person'),
(2626, 9, 3, 13, 8, 'person'),
(2627, 9, 4, 18, 8, 'person'),
(2628, 9, 5, 22, 8, 'person'),
(2629, 9, 6, 27, 8, 'person'),
(2630, 9, 7, 34, 8, 'person'),
(2631, 9, 8, 39, 8, 'person'),
(2632, 9, 9, 43, 8, 'person'),
(2633, 9, 10, 49, 8, 'person'),
(2634, 9, 11, 55, 8, 'person'),
(2635, 9, 12, 60, 8, 'person'),
(2636, 9, 13, 61, 8, 'person'),
(2637, 9, 14, 66, 8, 'person'),
(2638, 9, 15, 72, 8, 'person'),
(2639, 9, 1, 1, 12, 'person'),
(2640, 9, 2, 6, 12, 'person'),
(2641, 9, 3, 12, 12, 'person'),
(2642, 9, 4, 16, 12, 'person'),
(2643, 9, 5, 21, 12, 'person'),
(2644, 9, 6, 26, 12, 'person'),
(2645, 9, 7, 34, 12, 'person'),
(2646, 9, 8, 39, 12, 'person'),
(2647, 9, 9, 45, 12, 'person'),
(2648, 9, 10, 48, 12, 'person'),
(2649, 9, 11, 55, 12, 'person'),
(2650, 9, 12, 60, 12, 'person'),
(2651, 9, 13, 61, 12, 'person'),
(2652, 9, 14, 67, 12, 'person'),
(2653, 9, 15, 74, 12, 'person'),
(2654, 9, 16, 78, 13, 'software'),
(2655, 9, 17, 84, 13, 'software'),
(2656, 9, 18, 86, 13, 'software'),
(2657, 9, 19, 94, 13, 'software'),
(2658, 9, 20, 98, 13, 'software'),
(2659, 9, 21, 103, 13, 'software'),
(2660, 9, 22, 109, 13, 'software'),
(2661, 9, 23, 115, 13, 'software'),
(2662, 9, 24, 117, 13, 'software'),
(2663, 9, 25, 124, 13, 'software'),
(2664, 9, 26, 130, 13, 'software'),
(2665, 9, 16, 79, 24, 'software'),
(2666, 9, 17, 83, 24, 'software'),
(2667, 9, 18, 88, 24, 'software'),
(2668, 9, 19, 95, 24, 'software'),
(2669, 9, 20, 100, 24, 'software'),
(2670, 9, 21, 103, 24, 'software'),
(2671, 9, 22, 108, 24, 'software'),
(2672, 9, 23, 113, 24, 'software'),
(2673, 9, 24, 117, 24, 'software'),
(2674, 9, 25, 124, 24, 'software'),
(2675, 9, 26, 129, 24, 'software'),
(2676, 9, 16, 80, 14, 'software'),
(2677, 9, 17, 84, 14, 'software'),
(2678, 9, 18, 86, 14, 'software'),
(2679, 9, 19, 92, 14, 'software'),
(2680, 9, 20, 100, 14, 'software'),
(2681, 9, 21, 105, 14, 'software'),
(2682, 9, 22, 110, 14, 'software'),
(2683, 9, 23, 115, 14, 'software'),
(2684, 9, 24, 116, 14, 'software'),
(2685, 9, 25, 124, 14, 'software'),
(2686, 9, 26, 130, 14, 'software'),
(2687, 9, 16, 80, 16, 'software'),
(2688, 9, 17, 84, 16, 'software'),
(2689, 9, 18, 86, 16, 'software'),
(2690, 9, 19, 92, 16, 'software'),
(2691, 9, 20, 100, 16, 'software'),
(2692, 9, 21, 105, 16, 'software'),
(2693, 9, 22, 110, 16, 'software'),
(2694, 9, 23, 115, 16, 'software'),
(2695, 9, 24, 118, 16, 'software'),
(2696, 9, 25, 122, 16, 'software'),
(2697, 9, 26, 130, 16, 'software'),
(2698, 9, 16, 80, 2, 'software'),
(2699, 9, 17, 85, 2, 'software'),
(2700, 9, 18, 86, 2, 'software'),
(2701, 9, 19, 93, 2, 'software'),
(2702, 9, 20, 100, 2, 'software'),
(2703, 9, 21, 105, 2, 'software'),
(2704, 9, 22, 110, 2, 'software'),
(2705, 9, 23, 115, 2, 'software'),
(2706, 9, 24, 118, 2, 'software'),
(2707, 9, 25, 122, 2, 'software'),
(2708, 9, 26, 130, 2, 'software'),
(2709, 9, 16, 80, 29, 'software'),
(2710, 9, 17, 85, 29, 'software'),
(2711, 9, 18, 86, 29, 'software'),
(2712, 9, 19, 95, 29, 'software'),
(2713, 9, 20, 98, 29, 'software'),
(2714, 9, 21, 103, 29, 'software'),
(2715, 9, 22, 108, 29, 'software'),
(2716, 9, 23, 113, 29, 'software'),
(2717, 9, 24, 119, 29, 'software'),
(2718, 9, 25, 124, 29, 'software'),
(2719, 9, 26, 130, 29, 'software'),
(2720, 9, 16, 80, 1, 'software'),
(2721, 9, 17, 85, 1, 'software'),
(2722, 9, 18, 86, 1, 'software'),
(2723, 9, 19, 91, 1, 'software'),
(2724, 9, 20, 100, 1, 'software'),
(2725, 9, 21, 105, 1, 'software'),
(2726, 9, 22, 110, 1, 'software'),
(2727, 9, 23, 115, 1, 'software'),
(2728, 9, 24, 116, 1, 'software'),
(2729, 9, 25, 124, 1, 'software'),
(2730, 9, 26, 130, 1, 'software'),
(2731, 9, 16, 78, 34, 'software'),
(2732, 9, 17, 82, 34, 'software'),
(2733, 9, 18, 88, 34, 'software'),
(2734, 9, 19, 95, 34, 'software'),
(2735, 9, 20, 98, 34, 'software'),
(2736, 9, 21, 104, 34, 'software'),
(2737, 9, 22, 108, 34, 'software'),
(2738, 9, 23, 113, 34, 'software'),
(2739, 9, 24, 116, 34, 'software'),
(2740, 9, 25, 124, 34, 'software'),
(2741, 9, 26, 130, 34, 'software'),
(2742, 11, 1, 1, 2, 'person'),
(2743, 11, 2, 6, 2, 'person'),
(2744, 11, 3, 12, 2, 'person'),
(2745, 11, 4, 16, 2, 'person'),
(2746, 11, 5, 22, 2, 'person'),
(2747, 11, 6, 26, 2, 'person'),
(2748, 11, 7, 34, 2, 'person'),
(2749, 11, 8, 40, 2, 'person'),
(2750, 11, 9, 44, 2, 'person'),
(2751, 11, 10, 48, 2, 'person'),
(2752, 11, 11, 51, 2, 'person'),
(2753, 11, 12, 57, 2, 'person'),
(2754, 11, 13, 61, 2, 'person'),
(2755, 11, 14, 66, 2, 'person'),
(2756, 11, 15, 74, 2, 'person'),
(2757, 11, 1, 1, 4, 'person'),
(2758, 11, 2, 6, 4, 'person'),
(2759, 11, 3, 11, 4, 'person'),
(2760, 11, 4, 16, 4, 'person'),
(2761, 11, 5, 21, 4, 'person'),
(2762, 11, 6, 27, 4, 'person'),
(2763, 11, 7, 34, 4, 'person'),
(2764, 11, 8, 39, 4, 'person'),
(2765, 11, 9, 43, 4, 'person'),
(2766, 11, 10, 47, 4, 'person'),
(2767, 11, 11, 54, 4, 'person'),
(2768, 11, 12, 59, 4, 'person'),
(2769, 11, 13, 62, 4, 'person'),
(2770, 11, 14, 66, 4, 'person'),
(2771, 11, 15, 74, 4, 'person'),
(2772, 11, 1, 2, 5, 'person'),
(2773, 11, 2, 6, 5, 'person'),
(2774, 11, 3, 11, 5, 'person'),
(2775, 11, 4, 18, 5, 'person'),
(2776, 11, 5, 22, 5, 'person'),
(2777, 11, 6, 28, 5, 'person'),
(2778, 11, 7, 33, 5, 'person'),
(2779, 11, 8, 37, 5, 'person'),
(2780, 11, 9, 42, 5, 'person'),
(2781, 11, 10, 47, 5, 'person'),
(2782, 11, 11, 54, 5, 'person'),
(2783, 11, 12, 59, 5, 'person'),
(2784, 11, 13, 62, 5, 'person'),
(2785, 11, 14, 68, 5, 'person'),
(2786, 11, 15, 74, 5, 'person'),
(2787, 11, 1, 1, 6, 'person'),
(2788, 11, 2, 7, 6, 'person'),
(2789, 11, 3, 13, 6, 'person'),
(2790, 11, 4, 17, 6, 'person'),
(2791, 11, 5, 22, 6, 'person'),
(2792, 11, 6, 27, 6, 'person'),
(2793, 11, 7, 33, 6, 'person'),
(2794, 11, 8, 39, 6, 'person'),
(2795, 11, 9, 41, 6, 'person'),
(2796, 11, 10, 46, 6, 'person'),
(2797, 11, 11, 52, 6, 'person'),
(2798, 11, 12, 59, 6, 'person'),
(2799, 11, 13, 63, 6, 'person'),
(2800, 11, 14, 67, 6, 'person'),
(2801, 11, 15, 75, 6, 'person'),
(2802, 11, 1, 1, 10, 'person'),
(2803, 11, 2, 6, 10, 'person'),
(2804, 11, 3, 12, 10, 'person'),
(2805, 11, 4, 16, 10, 'person'),
(2806, 11, 5, 22, 10, 'person'),
(2807, 11, 6, 26, 10, 'person'),
(2808, 11, 7, 35, 10, 'person'),
(2809, 11, 8, 40, 10, 'person'),
(2810, 11, 9, 44, 10, 'person'),
(2811, 11, 10, 49, 10, 'person'),
(2812, 11, 11, 51, 10, 'person'),
(2813, 11, 12, 57, 10, 'person'),
(2814, 11, 13, 61, 10, 'person'),
(2815, 11, 14, 66, 10, 'person'),
(2816, 11, 15, 74, 10, 'person'),
(2817, 9, 27, 132, 36, 'hardware'),
(2818, 9, 28, 140, 36, 'hardware'),
(2819, 9, 29, 145, 36, 'hardware'),
(2820, 9, 30, 150, 36, 'hardware'),
(2821, 9, 31, 154, 36, 'hardware'),
(2822, 9, 32, 158, 36, 'hardware'),
(2823, 9, 33, 162, 36, 'hardware'),
(2824, 9, 34, 167, 36, 'hardware'),
(2825, 9, 35, 172, 36, 'hardware'),
(2826, 9, 36, 177, 36, 'hardware'),
(2827, 9, 37, 184, 36, 'hardware'),
(2828, 9, 38, 186, 36, 'hardware'),
(2829, 9, 39, 193, 36, 'hardware'),
(2830, 9, 40, 200, 36, 'hardware'),
(2831, 9, 41, 205, 36, 'hardware'),
(2832, 9, 42, 208, 36, 'hardware'),
(2833, 9, 43, 214, 36, 'hardware'),
(2834, 11, 16, 76, 13, 'software'),
(2835, 11, 17, 84, 13, 'software'),
(2836, 11, 18, 89, 13, 'software'),
(2837, 11, 19, 93, 13, 'software'),
(2838, 11, 20, 97, 13, 'software'),
(2839, 11, 21, 102, 13, 'software'),
(2840, 11, 22, 108, 13, 'software'),
(2841, 11, 23, 113, 13, 'software'),
(2842, 11, 24, 116, 13, 'software'),
(2843, 11, 25, 121, 13, 'software'),
(2844, 11, 26, 129, 13, 'software'),
(2845, 11, 16, 79, 14, 'software'),
(2846, 11, 17, 83, 14, 'software'),
(2847, 11, 18, 86, 14, 'software'),
(2848, 11, 19, 92, 14, 'software'),
(2849, 11, 20, 100, 14, 'software'),
(2850, 11, 21, 104, 14, 'software'),
(2851, 11, 22, 109, 14, 'software'),
(2852, 11, 23, 114, 14, 'software'),
(2853, 11, 24, 119, 14, 'software'),
(2854, 11, 25, 125, 14, 'software'),
(2855, 11, 26, 129, 14, 'software'),
(2856, 11, 16, 77, 32, 'software'),
(2857, 11, 17, 82, 32, 'software'),
(2858, 11, 18, 86, 32, 'software'),
(2859, 11, 19, 93, 32, 'software'),
(2860, 11, 20, 100, 32, 'software'),
(2861, 11, 21, 105, 32, 'software'),
(2862, 11, 22, 109, 32, 'software'),
(2863, 11, 23, 114, 32, 'software'),
(2864, 11, 24, 118, 32, 'software'),
(2865, 11, 25, 121, 32, 'software'),
(2866, 11, 26, 129, 32, 'software'),
(2867, 11, 16, 80, 2, 'software'),
(2868, 11, 17, 84, 2, 'software'),
(2869, 11, 18, 86, 2, 'software'),
(2870, 11, 19, 92, 2, 'software'),
(2871, 11, 20, 100, 2, 'software'),
(2872, 11, 21, 104, 2, 'software'),
(2873, 11, 22, 110, 2, 'software'),
(2874, 11, 23, 115, 2, 'software'),
(2875, 11, 24, 119, 2, 'software'),
(2876, 11, 25, 122, 2, 'software'),
(2877, 11, 26, 129, 2, 'software'),
(2878, 11, 16, 80, 1, 'software'),
(2879, 11, 17, 84, 1, 'software'),
(2880, 11, 18, 87, 1, 'software'),
(2881, 11, 19, 93, 1, 'software'),
(2882, 11, 20, 99, 1, 'software'),
(2883, 11, 21, 102, 1, 'software'),
(2884, 11, 22, 109, 1, 'software'),
(2885, 11, 23, 113, 1, 'software'),
(2886, 11, 24, 118, 1, 'software'),
(2887, 11, 25, 125, 1, 'software'),
(2888, 11, 26, 129, 1, 'software'),
(2889, 11, 16, 78, 34, 'software'),
(2890, 11, 17, 82, 34, 'software'),
(2891, 11, 18, 88, 34, 'software'),
(2892, 11, 19, 94, 34, 'software'),
(2893, 11, 20, 98, 34, 'software'),
(2894, 11, 21, 103, 34, 'software'),
(2895, 11, 22, 107, 34, 'software'),
(2896, 11, 23, 112, 34, 'software'),
(2897, 11, 24, 120, 34, 'software'),
(2898, 11, 25, 124, 34, 'software'),
(2899, 11, 26, 127, 34, 'software'),
(2900, 11, 27, 134, 33, 'hardware'),
(2901, 11, 28, 140, 33, 'hardware'),
(2902, 11, 29, 142, 33, 'hardware'),
(2903, 11, 30, 146, 33, 'hardware'),
(2904, 11, 31, 154, 33, 'hardware'),
(2905, 11, 32, 159, 33, 'hardware'),
(2906, 11, 33, 163, 33, 'hardware'),
(2907, 11, 34, 169, 33, 'hardware'),
(2908, 11, 35, 171, 33, 'hardware'),
(2909, 11, 36, 176, 33, 'hardware'),
(2910, 11, 37, 184, 33, 'hardware'),
(2911, 11, 38, 189, 33, 'hardware'),
(2912, 11, 39, 192, 33, 'hardware'),
(2913, 11, 40, 197, 33, 'hardware'),
(2914, 11, 41, 201, 33, 'hardware'),
(2915, 11, 42, 206, 33, 'hardware'),
(2916, 11, 43, 211, 33, 'hardware'),
(2917, 11, 27, 134, 60, 'hardware'),
(2918, 11, 28, 138, 60, 'hardware'),
(2919, 11, 29, 141, 60, 'hardware'),
(2920, 11, 30, 146, 60, 'hardware'),
(2921, 11, 31, 155, 60, 'hardware'),
(2922, 11, 32, 157, 60, 'hardware'),
(2923, 11, 33, 164, 60, 'hardware'),
(2924, 11, 34, 169, 60, 'hardware'),
(2925, 11, 35, 173, 60, 'hardware'),
(2926, 11, 36, 179, 60, 'hardware'),
(2927, 11, 37, 185, 60, 'hardware'),
(2928, 11, 38, 189, 60, 'hardware'),
(2929, 11, 39, 192, 60, 'hardware'),
(2930, 11, 40, 197, 60, 'hardware'),
(2931, 11, 41, 202, 60, 'hardware'),
(2932, 11, 42, 207, 60, 'hardware'),
(2933, 11, 43, 211, 60, 'hardware'),
(2934, 11, 27, 133, 59, 'hardware'),
(2935, 11, 28, 137, 59, 'hardware'),
(2936, 11, 29, 141, 59, 'hardware'),
(2937, 11, 30, 146, 59, 'hardware'),
(2938, 11, 31, 155, 59, 'hardware'),
(2939, 11, 32, 157, 59, 'hardware'),
(2940, 11, 33, 164, 59, 'hardware'),
(2941, 11, 34, 168, 59, 'hardware'),
(2942, 11, 35, 174, 59, 'hardware'),
(2943, 11, 36, 179, 59, 'hardware'),
(2944, 11, 37, 185, 59, 'hardware'),
(2945, 11, 38, 189, 59, 'hardware'),
(2946, 11, 39, 191, 59, 'hardware'),
(2947, 11, 40, 197, 59, 'hardware'),
(2948, 11, 41, 204, 59, 'hardware'),
(2949, 11, 42, 207, 59, 'hardware'),
(2950, 11, 43, 211, 59, 'hardware'),
(2951, 11, 27, 134, 58, 'hardware'),
(2952, 11, 28, 137, 58, 'hardware'),
(2953, 11, 29, 142, 58, 'hardware'),
(2954, 11, 30, 148, 58, 'hardware'),
(2955, 11, 31, 154, 58, 'hardware'),
(2956, 11, 32, 157, 58, 'hardware'),
(2957, 11, 33, 165, 58, 'hardware'),
(2958, 11, 34, 168, 58, 'hardware'),
(2959, 11, 35, 174, 58, 'hardware'),
(2960, 11, 36, 179, 58, 'hardware'),
(2961, 11, 37, 183, 58, 'hardware'),
(2962, 11, 38, 189, 58, 'hardware'),
(2963, 11, 39, 192, 58, 'hardware'),
(2964, 11, 40, 196, 58, 'hardware'),
(2965, 11, 41, 202, 58, 'hardware'),
(2966, 11, 42, 207, 58, 'hardware'),
(2967, 11, 43, 211, 58, 'hardware'),
(2968, 5, 1, 3, 2, 'person'),
(2969, 5, 2, 8, 2, 'person'),
(2970, 5, 3, 12, 2, 'person'),
(2971, 5, 4, 17, 2, 'person'),
(2972, 5, 5, 22, 2, 'person'),
(2973, 5, 6, 27, 2, 'person'),
(2974, 5, 7, 34, 2, 'person'),
(2975, 5, 8, 39, 2, 'person'),
(2976, 5, 9, 43, 2, 'person'),
(2977, 5, 10, 48, 2, 'person'),
(2978, 5, 11, 53, 2, 'person'),
(2979, 5, 12, 57, 2, 'person'),
(2980, 5, 13, 63, 2, 'person'),
(2981, 5, 14, 68, 2, 'person'),
(2982, 5, 15, 75, 2, 'person'),
(2983, 5, 1, 1, 6, 'person'),
(2984, 5, 2, 6, 6, 'person'),
(2985, 5, 3, 13, 6, 'person'),
(2986, 5, 4, 18, 6, 'person'),
(2987, 5, 5, 22, 6, 'person'),
(2988, 5, 6, 27, 6, 'person'),
(2989, 5, 7, 35, 6, 'person'),
(2990, 5, 8, 40, 6, 'person'),
(2991, 5, 9, 43, 6, 'person'),
(2992, 5, 10, 48, 6, 'person'),
(2993, 5, 11, 52, 6, 'person'),
(2994, 5, 12, 58, 6, 'person'),
(2995, 5, 13, 63, 6, 'person'),
(2996, 5, 14, 67, 6, 'person'),
(2997, 5, 15, 75, 6, 'person'),
(2998, 5, 1, 2, 8, 'person'),
(2999, 5, 2, 7, 8, 'person'),
(3000, 5, 3, 13, 8, 'person'),
(3001, 5, 4, 18, 8, 'person'),
(3002, 5, 5, 22, 8, 'person'),
(3003, 5, 6, 27, 8, 'person'),
(3004, 5, 7, 35, 8, 'person'),
(3005, 5, 8, 40, 8, 'person'),
(3006, 5, 9, 43, 8, 'person'),
(3007, 5, 10, 48, 8, 'person'),
(3008, 5, 11, 53, 8, 'person'),
(3009, 5, 12, 58, 8, 'person'),
(3010, 5, 13, 63, 8, 'person'),
(3011, 5, 14, 68, 8, 'person'),
(3012, 5, 15, 75, 8, 'person'),
(3013, 5, 1, 2, 11, 'person'),
(3014, 5, 2, 7, 11, 'person'),
(3015, 5, 3, 12, 11, 'person'),
(3016, 5, 4, 17, 11, 'person'),
(3017, 5, 5, 23, 11, 'person'),
(3018, 5, 6, 27, 11, 'person'),
(3019, 5, 7, 34, 11, 'person'),
(3020, 5, 8, 39, 11, 'person'),
(3021, 5, 9, 43, 11, 'person'),
(3022, 5, 10, 48, 11, 'person'),
(3023, 5, 11, 53, 11, 'person'),
(3024, 5, 12, 57, 11, 'person'),
(3025, 5, 13, 63, 11, 'person'),
(3026, 5, 14, 68, 11, 'person'),
(3027, 5, 15, 75, 11, 'person'),
(3028, 5, 16, 78, 18, 'software'),
(3029, 5, 17, 81, 18, 'software'),
(3030, 5, 18, 89, 18, 'software'),
(3031, 5, 19, 93, 18, 'software'),
(3032, 5, 20, 98, 18, 'software'),
(3033, 5, 21, 103, 18, 'software'),
(3034, 5, 22, 108, 18, 'software'),
(3035, 5, 23, 111, 18, 'software'),
(3036, 5, 24, 120, 18, 'software'),
(3037, 5, 25, 125, 18, 'software'),
(3038, 5, 26, 126, 18, 'software'),
(3039, 5, 16, 77, 42, 'software'),
(3040, 5, 17, 81, 42, 'software'),
(3041, 5, 18, 89, 42, 'software'),
(3042, 5, 19, 93, 42, 'software'),
(3043, 5, 20, 98, 42, 'software'),
(3044, 5, 21, 103, 42, 'software'),
(3045, 5, 22, 108, 42, 'software'),
(3046, 5, 23, 111, 42, 'software'),
(3047, 5, 24, 120, 42, 'software'),
(3048, 5, 25, 125, 42, 'software'),
(3049, 5, 26, 126, 42, 'software'),
(3050, 5, 16, 79, 14, 'software'),
(3051, 5, 17, 84, 14, 'software'),
(3052, 5, 18, 87, 14, 'software'),
(3053, 5, 19, 93, 14, 'software'),
(3054, 5, 20, 99, 14, 'software'),
(3055, 5, 21, 104, 14, 'software'),
(3056, 5, 22, 108, 14, 'software'),
(3057, 5, 23, 111, 14, 'software'),
(3058, 5, 24, 120, 14, 'software'),
(3059, 5, 25, 125, 14, 'software'),
(3060, 5, 26, 128, 14, 'software'),
(3061, 5, 16, 79, 16, 'software'),
(3062, 5, 17, 84, 16, 'software'),
(3063, 5, 18, 87, 16, 'software'),
(3064, 5, 19, 93, 16, 'software'),
(3065, 5, 20, 99, 16, 'software'),
(3066, 5, 21, 104, 16, 'software'),
(3067, 5, 22, 109, 16, 'software'),
(3068, 5, 23, 111, 16, 'software'),
(3069, 5, 24, 120, 16, 'software'),
(3070, 5, 25, 125, 16, 'software'),
(3071, 5, 26, 128, 16, 'software'),
(3072, 5, 16, 79, 3, 'software'),
(3073, 5, 17, 84, 3, 'software'),
(3074, 5, 18, 87, 3, 'software'),
(3075, 5, 19, 93, 3, 'software'),
(3076, 5, 20, 99, 3, 'software'),
(3077, 5, 21, 104, 3, 'software'),
(3078, 5, 22, 109, 3, 'software'),
(3079, 5, 23, 111, 3, 'software'),
(3080, 5, 24, 120, 3, 'software'),
(3081, 5, 25, 125, 3, 'software'),
(3082, 5, 26, 128, 3, 'software'),
(3083, 5, 16, 78, 26, 'software'),
(3084, 5, 17, 81, 26, 'software'),
(3085, 5, 18, 89, 26, 'software'),
(3086, 5, 19, 95, 26, 'software'),
(3087, 5, 20, 98, 26, 'software'),
(3088, 5, 21, 102, 26, 'software'),
(3089, 5, 22, 108, 26, 'software'),
(3090, 5, 23, 111, 26, 'software'),
(3091, 5, 24, 120, 26, 'software'),
(3092, 5, 25, 125, 26, 'software'),
(3093, 5, 26, 126, 26, 'software'),
(3094, 5, 16, 79, 34, 'software'),
(3095, 5, 17, 84, 34, 'software'),
(3096, 5, 18, 89, 34, 'software'),
(3097, 5, 19, 93, 34, 'software'),
(3098, 5, 20, 99, 34, 'software'),
(3099, 5, 21, 104, 34, 'software'),
(3100, 5, 22, 109, 34, 'software'),
(3101, 5, 23, 113, 34, 'software'),
(3102, 5, 24, 120, 34, 'software'),
(3103, 5, 25, 125, 34, 'software'),
(3104, 5, 26, 128, 34, 'software');

-- --------------------------------------------------------

--
-- Table structure for table `tools`
--

CREATE TABLE `tools` (
  `tool_id` int(11) NOT NULL,
  `tool_name` varchar(500) NOT NULL,
  `tool_type` enum('software','hardware','analog') NOT NULL
) ENGINE=InnoDB DEFAULT CHARSET=utf8mb4 COLLATE=utf8mb4_general_ci;

--
-- Dumping data for table `tools`
--

INSERT INTO `tools` (`tool_id`, `tool_name`, `tool_type`) VALUES
(56, '2axis CNC', 'hardware'),
(33, '3D Scanner', 'hardware'),
(55, 'Ace designer jober C3', 'hardware'),
(40, 'Adobe Illustrator', 'software'),
(41, 'Adobe Photoshop', 'software'),
(66, 'Anaconda Navigator', 'software'),
(70, 'Arduino UNO', 'hardware'),
(51, 'Auto UTM Machine', 'hardware'),
(18, 'AutoCAD', 'software'),
(43, 'Bambu Lab Slicer', 'software'),
(4, 'Canva', 'software'),
(13, 'ChatGPT', 'software'),
(19, 'CircuitIO', 'software'),
(10, 'CO2 laser cutting', 'hardware'),
(36, 'Cobot', 'hardware'),
(12, 'Copilot', 'software'),
(64, 'diligent tools', 'hardware'),
(54, 'Einscan', 'hardware'),
(57, 'Emco 4+1axis sinumerik', 'hardware'),
(39, 'FDM 3D Printer', 'hardware'),
(5, 'Figma', 'software'),
(63, 'Foam cutter', 'hardware'),
(61, 'FRP casting', 'hardware'),
(17, 'Fusion 360', 'software'),
(42, 'Grasshopper(Rhino)', 'software'),
(35, 'Haptic device', 'hardware'),
(22, 'JIRA', 'software'),
(53, 'LinkedIn', 'software'),
(65, 'Linux', 'software'),
(30, 'Master CAM', 'software'),
(7, 'Matlab', 'software'),
(24, 'Mentimeter', 'software'),
(38, 'metalAM', 'hardware'),
(62, 'Mini lathe', 'hardware'),
(52, 'Miro', 'software'),
(49, 'MJP 3D Printer', 'hardware'),
(14, 'MS Office tools - Word, Excel, PPT', 'software'),
(48, 'MSLA 3D Printer', 'hardware'),
(20, 'NX', 'software'),
(32, 'NX CAD', 'software'),
(16, 'Onedrive', 'software'),
(68, 'Oscilloscope', 'hardware'),
(2, 'Outlook', 'software'),
(29, 'Pdf Reader', 'software'),
(28, 'Photoshop', 'software'),
(50, 'Portable CMM', 'hardware'),
(15, 'Power Automate', 'software'),
(44, 'Prusa Slicer', 'software'),
(11, 'Python', 'software'),
(67, 'Raspberry Pi', 'hardware'),
(69, 'RFID Tag reader', 'hardware'),
(27, 'Rhino', 'software'),
(3, 'Sharepoint', 'software'),
(9, 'Sheet Metal Laser Cutting Machine', 'hardware'),
(26, 'SketchUp', 'software'),
(25, 'Slicer or 3D print', 'software'),
(45, 'Snapmaker Slicer', 'software'),
(21, 'SolidWorks', 'software'),
(31, 'Teams Meeting', 'software'),
(6, 'TinkerCad', 'software'),
(23, 'Trello', 'software'),
(37, 'Ultimaker - slicing', 'software'),
(60, 'Vacuum casting', 'hardware'),
(59, 'Vacuum forming', 'hardware'),
(58, 'VMC fanuk', 'hardware'),
(1, 'WhatsApp', 'software'),
(8, 'Wire EDM', 'hardware'),
(34, 'Zoho', 'software');

-- --------------------------------------------------------

--
-- Table structure for table `users`
--

CREATE TABLE `users` (
  `user_id` int(11) NOT NULL,
  `first_name` varchar(500) NOT NULL,
  `last_name` varchar(500) NOT NULL,
  `designation` varchar(500) DEFAULT NULL,
  `email_id` varchar(500) NOT NULL,
  `department` varchar(500) DEFAULT NULL,
  `timestamp` timestamp NOT NULL DEFAULT current_timestamp()
) ENGINE=InnoDB DEFAULT CHARSET=utf8mb4 COLLATE=utf8mb4_general_ci;

--
-- Dumping data for table `users`
--

INSERT INTO `users` (`user_id`, `first_name`, `last_name`, `designation`, `email_id`, `department`, `timestamp`) VALUES
(1, 'Apala ', 'Chakrabarti', 'Trainer', 'apala@fsid-iisc.in', 'COE', '0000-00-00 00:00:00'),
(2, 'Calvin', ' Samuel', 'AM Tech support', 'calvin@fsid-iisc.in', 'COE', '0000-00-00 00:00:00'),
(3, 'Ananda', 'Krishnan', 'Technical support Engineer', 'ananda.krishnan@fsid-iisc.in\r\n', 'COE', '0000-00-00 00:00:00'),
(4, 'Gayathri ', 'M', 'Accountant', 'gayathri@fsid-iisc.in', 'COE', '0000-00-00 00:00:00'),
(5, 'Hunny ', 'Bidlan', 'In-house trainer', 'hsbidlan@gmail.com', 'COE', '0000-00-00 00:00:00'),
(6, 'K Joshil ', 'Raj', 'CEO', 'joshil@fsid-iisc.in', 'COE', '0000-00-00 00:00:00'),
(7, 'Laveen ', 'Kumar', 'In-house trainer', 'Laveen@fsid-iisc.in', 'COE', '0000-00-00 00:00:00'),
(8, 'Nishath', ' Salma', 'Admin', 'nsalma@fsid-iisc.in', 'COE', '0000-00-00 00:00:00'),
(9, 'Puneeth ', 'S', 'In-house trainer', 'puneeth@fsid-iisc.in', 'COE', '0000-00-00 00:00:00'),
(10, 'Siva ', 'S', 'Technical support staff', 'Siva@fsid-iisc.in', 'COE', '0000-00-00 00:00:00'),
(11, 'Subramanian', '', 'Technical support', 'subramanian@fsid-iisc.in', 'COE', '0000-00-00 00:00:00'),
(12, 'TSVV ', 'Murali', 'In-house trainer', 'venkata@fsid-iisc.in', 'COE', '0000-00-00 00:00:00'),
(13, 'Chytra ', 'K', 'HR', 'chytra.k@fsid-iisc.in', 'COE', '0000-00-00 00:00:00'),
(14, 'Samarth \r\n', 'Goel', 'Intern', 'samarth.goel@fsid-iisc.ac.in\r\n', 'COE', '0000-00-00 00:00:00'),
(15, 'Sakshitha', 'V', 'Marketing ', 'sakshitha.v@fsid-iisc.in', 'COE', '2025-04-15 15:35:42');

-- --------------------------------------------------------

--
-- Table structure for table `user_people`
--

CREATE TABLE `user_people` (
  `user_people_id` int(11) NOT NULL,
  `user_id` int(11) NOT NULL,
  `person_id` int(11) NOT NULL,
  `timestamp` timestamp NOT NULL DEFAULT current_timestamp()
) ENGINE=InnoDB DEFAULT CHARSET=utf8mb4 COLLATE=utf8mb4_general_ci;

--
-- Dumping data for table `user_people`
--

INSERT INTO `user_people` (`user_people_id`, `user_id`, `person_id`, `timestamp`) VALUES
(1, 15, 6, '2025-04-15 16:07:26'),
(2, 15, 13, '2025-04-15 16:07:26'),
(3, 15, 14, '2025-04-15 16:07:26'),
(4, 7, 1, '2025-04-15 16:08:11'),
(5, 7, 2, '2025-04-15 16:08:11'),
(6, 7, 4, '2025-04-15 16:08:11'),
(7, 7, 5, '2025-04-15 16:08:11'),
(8, 7, 6, '2025-04-15 16:08:11'),
(9, 7, 8, '2025-04-15 16:08:11'),
(10, 7, 9, '2025-04-15 16:08:11'),
(11, 7, 10, '2025-04-15 16:08:11'),
(12, 7, 11, '2025-04-15 16:08:11'),
(13, 7, 12, '2025-04-15 16:08:11'),
(14, 7, 13, '2025-04-15 16:08:11'),
(15, 7, 14, '2025-04-15 16:08:11'),
(16, 7, 3, '2025-04-15 16:08:11'),
(17, 10, 7, '2025-04-15 16:08:44'),
(18, 10, 11, '2025-04-15 16:08:44'),
(19, 10, 6, '2025-04-15 16:08:44'),
(20, 10, 13, '2025-04-15 16:08:44'),
(21, 10, 4, '2025-04-15 16:08:44'),
(22, 10, 5, '2025-04-15 16:08:44'),
(23, 9, 6, '2025-04-15 16:09:04'),
(24, 9, 4, '2025-04-15 16:09:04'),
(25, 9, 8, '2025-04-15 16:09:04'),
(26, 9, 7, '2025-04-15 16:09:04'),
(27, 9, 12, '2025-04-15 16:09:04'),
(28, 9, 1, '2025-04-15 16:09:04'),
(29, 4, 1, '2025-04-15 16:09:29'),
(30, 4, 2, '2025-04-15 16:09:29'),
(31, 4, 5, '2025-04-15 16:09:29'),
(32, 4, 6, '2025-04-15 16:09:29'),
(33, 4, 7, '2025-04-15 16:09:29'),
(34, 4, 8, '2025-04-15 16:09:29'),
(35, 4, 9, '2025-04-15 16:09:29'),
(36, 4, 10, '2025-04-15 16:09:29'),
(37, 4, 11, '2025-04-15 16:09:29'),
(38, 4, 12, '2025-04-15 16:09:29'),
(39, 4, 13, '2025-04-15 16:09:29'),
(40, 4, 14, '2025-04-15 16:09:29'),
(41, 4, 3, '2025-04-15 16:09:29'),
(42, 4, 15, '2025-04-15 16:09:29'),
(43, 14, 6, '2025-04-15 16:13:04'),
(44, 14, 1, '2025-04-15 16:13:04'),
(45, 13, 9, '2025-04-15 16:16:03'),
(46, 13, 15, '2025-04-15 16:16:03'),
(47, 13, 4, '2025-04-15 16:16:03'),
(48, 13, 14, '2025-04-15 16:16:03'),
(49, 13, 1, '2025-04-15 16:16:03'),
(50, 13, 6, '2025-04-15 16:16:03'),
(51, 5, 1, '2025-04-16 07:37:35'),
(52, 5, 2, '2025-04-16 07:37:35'),
(53, 5, 4, '2025-04-16 07:37:35'),
(54, 5, 6, '2025-04-16 07:37:35'),
(55, 5, 7, '2025-04-16 07:37:35'),
(56, 5, 8, '2025-04-16 07:37:35'),
(57, 5, 9, '2025-04-16 07:37:35'),
(58, 5, 10, '2025-04-16 07:37:35'),
(59, 5, 11, '2025-04-16 07:37:35'),
(60, 5, 12, '2025-04-16 07:37:35'),
(61, 5, 13, '2025-04-16 07:37:35'),
(62, 5, 14, '2025-04-16 07:37:35'),
(63, 5, 3, '2025-04-16 07:37:35'),
(64, 5, 15, '2025-04-16 07:39:33'),
(65, 2, 6, '2025-04-16 07:42:01'),
(66, 2, 5, '2025-04-16 07:42:01'),
(67, 2, 7, '2025-04-16 07:42:01'),
(68, 12, 6, '2025-04-16 09:31:28'),
(69, 12, 14, '2025-04-16 09:31:28'),
(70, 12, 11, '2025-04-16 09:31:28'),
(71, 12, 10, '2025-04-16 09:31:28'),
(72, 12, 9, '2025-04-16 09:31:28'),
(73, 12, 7, '2025-04-16 09:31:28'),
(74, 12, 1, '2025-04-16 09:31:28'),
(75, 12, 8, '2025-04-16 09:31:28'),
(76, 11, 6, '2025-04-16 09:48:30'),
(77, 11, 9, '2025-04-16 09:48:30'),
(78, 11, 12, '2025-04-16 09:48:30'),
(79, 11, 5, '2025-04-16 09:48:30'),
(80, 11, 7, '2025-04-16 09:48:30'),
(81, 11, 1, '2025-04-16 09:48:30'),
(82, 11, 10, '2025-04-16 09:48:30'),
(83, 11, 2, '2025-04-16 09:48:30'),
(84, 11, 4, '2025-04-16 09:48:30'),
(85, 11, 8, '2025-04-16 09:48:30'),
(86, 11, 13, '2025-04-16 09:48:30'),
(87, 11, 3, '2025-04-16 09:48:30'),
(88, 1, 13, '2025-04-16 10:09:40'),
(89, 1, 14, '2025-04-16 10:09:40'),
(90, 1, 15, '2025-04-16 10:09:40'),
(91, 1, 4, '2025-04-16 10:09:40'),
(92, 1, 6, '2025-04-16 10:09:40'),
(93, 1, 3, '2025-04-16 10:09:40'),
(94, 1, 12, '2025-04-16 10:09:40'),
(95, 1, 9, '2025-04-16 10:09:40'),
(96, 1, 7, '2025-04-16 10:09:40'),
(97, 1, 5, '2025-04-16 10:09:40'),
(98, 3, 6, '2025-04-16 10:13:40'),
(99, 3, 1, '2025-04-16 10:13:40'),
(100, 3, 15, '2025-04-16 10:13:40'),
(101, 3, 13, '2025-04-16 10:13:40'),
(102, 3, 7, '2025-04-16 10:13:40'),
(103, 3, 12, '2025-04-16 10:13:40'),
(104, 3, 8, '2025-04-16 10:13:40'),
(105, 8, 1, '2025-04-18 04:29:03'),
(106, 8, 2, '2025-04-18 04:29:03'),
(107, 8, 4, '2025-04-18 04:29:03'),
(108, 8, 5, '2025-04-18 04:29:03'),
(109, 8, 6, '2025-04-18 04:29:03'),
(110, 8, 9, '2025-04-18 04:29:03'),
(111, 8, 10, '2025-04-18 04:29:03'),
(112, 8, 11, '2025-04-18 04:29:03'),
(113, 8, 12, '2025-04-18 04:29:03'),
(114, 8, 13, '2025-04-18 04:29:03'),
(115, 8, 14, '2025-04-18 04:29:03'),
(116, 8, 3, '2025-04-18 04:29:03');

-- --------------------------------------------------------

--
-- Table structure for table `user_tools`
--

CREATE TABLE `user_tools` (
  `user_tool_id` int(11) NOT NULL,
  `user_id` int(11) NOT NULL,
  `tool_id` int(11) NOT NULL,
  `timestamp` timestamp NOT NULL DEFAULT current_timestamp()
) ENGINE=InnoDB DEFAULT CHARSET=utf8mb4 COLLATE=utf8mb4_general_ci;

--
-- Dumping data for table `user_tools`
--

INSERT INTO `user_tools` (`user_tool_id`, `user_id`, `tool_id`, `timestamp`) VALUES
(1, 15, 14, '2025-04-15 16:07:44'),
(2, 15, 13, '2025-04-15 16:07:44'),
(3, 15, 1, '2025-04-15 16:07:44'),
(4, 15, 31, '2025-04-15 16:07:44'),
(5, 7, 32, '2025-04-15 16:08:29'),
(6, 7, 25, '2025-04-15 16:08:29'),
(7, 7, 14, '2025-04-15 16:08:29'),
(8, 7, 34, '2025-04-15 16:08:29'),
(9, 7, 33, '2025-04-15 16:08:29'),
(10, 7, 35, '2025-04-15 16:08:29'),
(11, 7, 10, '2025-04-15 16:08:29'),
(12, 7, 36, '2025-04-15 16:08:29'),
(13, 7, 9, '2025-04-15 16:08:29'),
(14, 10, 21, '2025-04-15 16:08:53'),
(15, 10, 30, '2025-04-15 16:08:53'),
(16, 10, 18, '2025-04-15 16:08:53'),
(17, 10, 2, '2025-04-15 16:08:53'),
(18, 10, 37, '2025-04-15 16:08:53'),
(19, 10, 1, '2025-04-15 16:08:53'),
(20, 10, 4, '2025-04-15 16:08:53'),
(21, 10, 13, '2025-04-15 16:08:53'),
(22, 10, 14, '2025-04-15 16:08:53'),
(23, 10, 8, '2025-04-15 16:08:53'),
(24, 10, 10, '2025-04-15 16:08:53'),
(25, 10, 9, '2025-04-15 16:08:53'),
(26, 10, 38, '2025-04-15 16:08:53'),
(27, 10, 39, '2025-04-15 16:08:53'),
(28, 9, 14, '2025-04-15 16:09:13'),
(29, 9, 13, '2025-04-15 16:09:13'),
(30, 9, 1, '2025-04-15 16:09:13'),
(31, 4, 14, '2025-04-15 16:09:43'),
(32, 4, 34, '2025-04-15 16:09:43'),
(33, 4, 1, '2025-04-15 16:09:43'),
(34, 4, 13, '2025-04-15 16:09:43'),
(35, 14, 40, '2025-04-15 16:13:14'),
(36, 14, 5, '2025-04-15 16:13:14'),
(37, 14, 4, '2025-04-15 16:13:14'),
(38, 14, 41, '2025-04-15 16:13:14'),
(39, 13, 14, '2025-04-15 16:16:03'),
(40, 13, 13, '2025-04-15 16:16:03'),
(41, 13, 1, '2025-04-15 16:16:03'),
(42, 5, 18, '2025-04-16 07:37:45'),
(43, 5, 14, '2025-04-16 07:37:45'),
(44, 5, 28, '2025-04-16 07:37:45'),
(45, 5, 42, '2025-04-16 07:37:45'),
(46, 5, 13, '2025-04-16 07:37:45'),
(73, 2, 14, '2025-04-16 07:59:55'),
(83, 2, 15, '2025-04-16 08:01:19'),
(84, 2, 43, '2025-04-16 08:02:18'),
(86, 2, 44, '2025-04-16 08:04:40'),
(99, 2, 45, '2025-04-16 08:06:11'),
(100, 2, 26, '2025-04-16 08:06:11'),
(101, 2, 18, '2025-04-16 08:06:11'),
(102, 2, 28, '2025-04-16 08:06:11'),
(103, 2, 42, '2025-04-16 08:06:11'),
(104, 2, 13, '2025-04-16 08:06:11'),
(107, 2, 39, '2025-04-16 08:08:23'),
(108, 2, 48, '2025-04-16 08:09:11'),
(109, 2, 49, '2025-04-16 08:10:21'),
(110, 2, 10, '2025-04-16 08:10:21'),
(111, 2, 50, '2025-04-16 08:10:21'),
(113, 2, 51, '2025-04-16 08:12:57'),
(114, 12, 4, '2025-04-16 09:32:52'),
(115, 12, 52, '2025-04-16 09:32:52'),
(116, 12, 14, '2025-04-16 09:32:52'),
(117, 12, 32, '2025-04-16 09:32:52'),
(118, 12, 13, '2025-04-16 09:32:52'),
(119, 11, 14, '2025-04-16 09:48:01'),
(120, 11, 13, '2025-04-16 09:48:01'),
(121, 11, 4, '2025-04-16 09:48:01'),
(122, 11, 1, '2025-04-16 09:48:01'),
(123, 11, 53, '2025-04-16 09:48:01'),
(124, 11, 34, '2025-04-16 09:48:01'),
(125, 11, 32, '2025-04-16 09:48:01'),
(126, 11, 45, '2025-04-16 09:48:01'),
(127, 11, 54, '2025-04-16 09:48:01'),
(128, 11, 26, '2025-04-16 09:48:01'),
(129, 11, 55, '2025-04-16 09:48:01'),
(130, 11, 56, '2025-04-16 09:48:01'),
(131, 11, 57, '2025-04-16 09:48:01'),
(132, 11, 58, '2025-04-16 09:48:01'),
(133, 11, 10, '2025-04-16 09:48:01'),
(134, 11, 59, '2025-04-16 09:48:01'),
(135, 11, 60, '2025-04-16 09:48:01'),
(136, 11, 61, '2025-04-16 09:48:01'),
(137, 11, 62, '2025-04-16 09:48:01'),
(138, 11, 63, '2025-04-16 09:48:01'),
(139, 11, 33, '2025-04-16 09:48:01'),
(140, 1, 14, '2025-04-16 10:09:52'),
(141, 1, 13, '2025-04-16 10:09:52'),
(142, 1, 1, '2025-04-16 10:09:52'),
(143, 1, 7, '2025-04-16 10:09:52'),
(144, 1, 4, '2025-04-16 10:09:52'),
(145, 1, 64, '2025-04-16 10:09:52'),
(146, 3, 65, '2025-04-16 10:15:14'),
(147, 3, 14, '2025-04-16 10:15:14'),
(148, 3, 1, '2025-04-16 10:15:14'),
(149, 3, 2, '2025-04-16 10:15:14'),
(150, 3, 66, '2025-04-16 10:15:14'),
(151, 3, 11, '2025-04-16 10:15:14'),
(152, 3, 67, '2025-04-16 10:15:14'),
(153, 3, 68, '2025-04-16 10:15:14'),
(154, 3, 69, '2025-04-16 10:15:14'),
(155, 3, 70, '2025-04-16 10:15:14'),
(156, 8, 14, '2025-04-18 04:30:54'),
(157, 8, 13, '2025-04-18 04:30:54'),
(158, 8, 1, '2025-04-18 04:30:54'),
(159, 8, 2, '2025-04-18 04:30:54');

--
-- Indexes for dumped tables
--

--
-- Indexes for table `questions`
--
ALTER TABLE `questions`
  ADD PRIMARY KEY (`question_id`);

--
-- Indexes for table `question_options`
--
ALTER TABLE `question_options`
  ADD PRIMARY KEY (`option_id`),
  ADD KEY `question_id` (`question_id`);

--
-- Indexes for table `responses`
--
ALTER TABLE `responses`
  ADD PRIMARY KEY (`response_id`),
  ADD UNIQUE KEY `user_id` (`user_id`,`question_id`,`subject_id`,`subject_type`);

--
-- Indexes for table `tools`
--
ALTER TABLE `tools`
  ADD PRIMARY KEY (`tool_id`),
  ADD UNIQUE KEY `tool_name` (`tool_name`,`tool_type`);

--
-- Indexes for table `users`
--
ALTER TABLE `users`
  ADD PRIMARY KEY (`user_id`);

--
-- Indexes for table `user_people`
--
ALTER TABLE `user_people`
  ADD PRIMARY KEY (`user_people_id`),
  ADD UNIQUE KEY `user_id` (`user_id`,`person_id`),
  ADD KEY `person_id` (`person_id`);

--
-- Indexes for table `user_tools`
--
ALTER TABLE `user_tools`
  ADD PRIMARY KEY (`user_tool_id`),
  ADD UNIQUE KEY `user_id` (`user_id`,`tool_id`),
  ADD KEY `tool_id` (`tool_id`);

--
-- AUTO_INCREMENT for dumped tables
--

--
-- AUTO_INCREMENT for table `questions`
--
ALTER TABLE `questions`
  MODIFY `question_id` int(11) NOT NULL AUTO_INCREMENT, AUTO_INCREMENT=52;

--
-- AUTO_INCREMENT for table `question_options`
--
ALTER TABLE `question_options`
  MODIFY `option_id` int(11) NOT NULL AUTO_INCREMENT, AUTO_INCREMENT=256;

--
-- AUTO_INCREMENT for table `responses`
--
ALTER TABLE `responses`
  MODIFY `response_id` int(11) NOT NULL AUTO_INCREMENT, AUTO_INCREMENT=3105;

--
-- AUTO_INCREMENT for table `tools`
--
ALTER TABLE `tools`
  MODIFY `tool_id` int(11) NOT NULL AUTO_INCREMENT, AUTO_INCREMENT=71;

--
-- AUTO_INCREMENT for table `users`
--
ALTER TABLE `users`
  MODIFY `user_id` int(11) NOT NULL AUTO_INCREMENT, AUTO_INCREMENT=16;

--
-- AUTO_INCREMENT for table `user_people`
--
ALTER TABLE `user_people`
  MODIFY `user_people_id` int(11) NOT NULL AUTO_INCREMENT, AUTO_INCREMENT=117;

--
-- AUTO_INCREMENT for table `user_tools`
--
ALTER TABLE `user_tools`
  MODIFY `user_tool_id` int(11) NOT NULL AUTO_INCREMENT, AUTO_INCREMENT=160;

--
-- Constraints for dumped tables
--

--
-- Constraints for table `question_options`
--
ALTER TABLE `question_options`
  ADD CONSTRAINT `question_options_ibfk_1` FOREIGN KEY (`question_id`) REFERENCES `questions` (`question_id`);

--
-- Constraints for table `user_people`
--
ALTER TABLE `user_people`
  ADD CONSTRAINT `user_people_ibfk_1` FOREIGN KEY (`user_id`) REFERENCES `users` (`user_id`),
  ADD CONSTRAINT `user_people_ibfk_2` FOREIGN KEY (`person_id`) REFERENCES `users` (`user_id`);

--
-- Constraints for table `user_tools`
--
ALTER TABLE `user_tools`
  ADD CONSTRAINT `user_tools_ibfk_1` FOREIGN KEY (`user_id`) REFERENCES `users` (`user_id`),
  ADD CONSTRAINT `user_tools_ibfk_2` FOREIGN KEY (`tool_id`) REFERENCES `tools` (`tool_id`);
COMMIT;

/*!40101 SET CHARACTER_SET_CLIENT=@OLD_CHARACTER_SET_CLIENT */;
/*!40101 SET CHARACTER_SET_RESULTS=@OLD_CHARACTER_SET_RESULTS */;
/*!40101 SET COLLATION_CONNECTION=@OLD_COLLATION_CONNECTION */;
